update_id,round_id,site_id,device_id,base_model_version,status,num_samples,local_epochs,batch_size,learning_rate,local_loss_before,local_loss_after,local_accuracy_before,local_accuracy_after,delta_l2_norm,float_delta_l2_norm,quantization_error_l2,delta_int8_scale,payload_bytes,train_time_ms,class_counts,protocol,retries,transfer_duration_s,sent_at_utc,received_at_utc,scheduled_send_utc,deadline_utc,tx_start_utc,tx_end_utc,waited_offline_s,lora_sf,fragments,airtime_s,duty_cycle_wait_s,radio_energy_mj,delivered,compression_method,staleness,reliability_score,aggregation_weight,used_in_round,run_id
R01-SITE-A,1,SITE-A,ESP32-A01,v1.0,RECEIVED,780,3,32,0.05,1.6678,0.5011,0.1538,0.8474,1.93489,1.93419,0.016051,0.00350849,297,,"{""NORMAL"": 300, ""PARTIAL_SHADING"": 300, ""DUST"": 60, ""OPEN_CIRCUIT"": 60, ""SHORT_CIRCUIT"": 60}",WIFI,0,0.38,2026-09-10T08:37:00Z,2026-09-10T08:37:00Z,2026-09-10T08:37:00Z,2026-09-10T11:00:00Z,2026-09-10T08:37:00Z,2026-09-10T08:37:00Z,0.0,,1,,0.0,200.7,True,int8,0,,0.26,1,member3-baseline-tanh-s0-trace
R01-SITE-B,1,SITE-B,ESP32-B01,v1.0,RECEIVED,360,3,32,0.05,1.7939,0.6178,0.0,1.0,1.38728,1.38773,0.011942,0.00276261,297,,"{""NORMAL"": 120, ""PARTIAL_SHADING"": 0, ""DUST"": 180, ""OPEN_CIRCUIT"": 60, ""SHORT_CIRCUIT"": 0}",WIFI,0,0.39,2026-09-10T10:11:00Z,2026-09-10T10:11:00Z,2026-09-10T10:11:00Z,2026-09-10T11:00:00Z,2026-09-10T10:11:00Z,2026-09-10T10:11:00Z,0.0,,1,,0.0,200.7,True,int8,0,,0.12,1,member3-baseline-tanh-s0-trace
R01-SITE-C,1,SITE-C,ESP32-C01,v1.0,RECEIVED,360,3,32,0.05,1.6255,0.3119,0.0,1.0,1.37884,1.37848,0.011414,0.00258086,297,,"{""NORMAL"": 60, ""PARTIAL_SHADING"": 0, ""DUST"": 0, ""OPEN_CIRCUIT"": 180, ""SHORT_CIRCUIT"": 120}",LORA,0,150.36,2026-09-10T08:31:00Z,2026-09-10T08:33:30Z,2026-09-10T08:31:00Z,2026-09-10T11:00:00Z,2026-09-10T08:31:00Z,2026-09-10T08:33:30Z,0.0,8.0,2,1.504,148.9,180.4,True,int8,0,,0.12,1,member3-baseline-tanh-s0-trace
R01-SITE-D,1,SITE-D,ESP32-D01,v1.0,RECEIVED,540,3,32,0.05,1.8816,0.2929,0.2111,1.0,1.8348,1.83466,0.016389,0.0037968,297,,"{""NORMAL"": 0, ""PARTIAL_SHADING"": 240, ""DUST"": 60, ""OPEN_CIRCUIT"": 0, ""SHORT_CIRCUIT"": 240}",LTE,0,1.93,2026-09-10T06:45:00Z,2026-09-10T06:45:01Z,2026-09-10T06:45:00Z,2026-09-10T11:00:00Z,2026-09-10T06:45:00Z,2026-09-10T06:45:01Z,0.0,,1,,0.0,2134.2,True,int8,0,,0.18,1,member3-baseline-tanh-s0-trace
R01-SITE-E,1,SITE-E,ESP32-E01,v1.0,RECEIVED,780,3,32,0.05,1.6626,0.3577,0.2308,1.0,1.96681,1.96673,0.016139,0.00352106,297,,"{""NORMAL"": 120, ""PARTIAL_SHADING"": 60, ""DUST"": 240, ""OPEN_CIRCUIT"": 180, ""SHORT_CIRCUIT"": 180}",LORA,0,391.7,2026-09-10T08:30:00Z,2026-09-10T08:36:31Z,2026-09-10T08:30:00Z,2026-09-10T11:00:00Z,2026-09-10T08:30:00Z,2026-09-10T08:36:31Z,0.0,10.0,6,3.917,387.8,470.0,True,int8,0,,0.26,1,member3-baseline-tanh-s0-trace
R01-SITE-F,1,SITE-F,ESP32-F01,v1.0,RECEIVED,180,3,32,0.05,1.9124,0.2267,0.0,1.0,1.10755,1.10736,0.009298,0.00211673,297,,"{""NORMAL"": 0, ""PARTIAL_SHADING"": 0, ""DUST"": 60, ""OPEN_CIRCUIT"": 120, ""SHORT_CIRCUIT"": 0}",WIFI,0,0.48,2026-09-10T07:38:00Z,2026-09-10T07:38:00Z,2026-09-10T07:38:00Z,2026-09-10T11:00:00Z,2026-09-10T07:38:00Z,2026-09-10T07:38:00Z,0.0,,1,,0.0,200.7,True,int8,0,,0.06,1,member3-baseline-tanh-s0-trace
R02-SITE-A,2,SITE-A,ESP32-A01,v1.1,RECEIVED,780,3,32,0.05,0.9231,0.3352,0.8462,0.9385,1.37407,1.37417,0.010617,0.0024572,297,,"{""NORMAL"": 300, ""PARTIAL_SHADING"": 300, ""DUST"": 60, ""OPEN_CIRCUIT"": 60, ""SHORT_CIRCUIT"": 60}",WIFI,0,0.38,2026-09-10T16:03:00Z,2026-09-10T16:03:00Z,2026-09-10T16:03:00Z,2026-09-10T17:00:00Z,2026-09-10T16:03:00Z,2026-09-10T16:03:00Z,0.0,,1,,0.0,200.7,True,int8,0,,0.276596,2,member3-baseline-tanh-s0-trace
R02-SITE-B,2,SITE-B,ESP32-B01,v1.1,RECEIVED,360,3,32,0.05,0.9028,0.3587,0.9667,1.0,0.94527,0.94553,0.007935,0.00171778,297,,"{""NORMAL"": 120, ""PARTIAL_SHADING"": 0, ""DUST"": 180, ""OPEN_CIRCUIT"": 60, ""SHORT_CIRCUIT"": 0}",WIFI,0,0.38,2026-09-10T16:36:00Z,2026-09-10T16:36:00Z,2026-09-10T16:36:00Z,2026-09-10T17:00:00Z,2026-09-10T16:36:00Z,2026-09-10T16:36:00Z,0.0,,1,,0.0,200.7,True,int8,0,,0.12766,2,member3-baseline-tanh-s0-trace
R02-SITE-C,2,SITE-C,ESP32-C01,v1.1,RECEIVED,360,3,32,0.05,0.6434,0.1778,1.0,1.0,0.84666,0.84684,0.00612,0.00141749,297,,"{""NORMAL"": 60, ""PARTIAL_SHADING"": 0, ""DUST"": 0, ""OPEN_CIRCUIT"": 180, ""SHORT_CIRCUIT"": 120}",LORA,0,85.9,2026-09-10T15:18:00Z,2026-09-10T15:19:25Z,2026-09-10T15:18:00Z,2026-09-10T17:00:00Z,2026-09-10T15:18:00Z,2026-09-10T15:19:25Z,0.0,7.0,2,0.859,85.0,103.1,True,int8,0,,0.12766,2,member3-baseline-tanh-s0-trace
R02-SITE-D,2,SITE-D,ESP32-D01,v1.1,RECEIVED,540,3,32,0.05,0.9298,0.1753,0.6667,1.0,1.30445,1.30395,0.014493,0.00334145,297,,"{""NORMAL"": 0, ""PARTIAL_SHADING"": 240, ""DUST"": 60, ""OPEN_CIRCUIT"": 0, ""SHORT_CIRCUIT"": 240}",LTE,0,1.92,2026-09-10T12:17:00Z,2026-09-10T12:17:01Z,2026-09-10T12:17:00Z,2026-09-10T17:00:00Z,2026-09-10T12:17:00Z,2026-09-10T12:17:01Z,0.0,,1,,0.0,2134.2,True,int8,0,,0.191489,2,member3-baseline-tanh-s0-trace
R02-SITE-E,2,SITE-E,ESP32-E01,v1.1,RECEIVED,780,3,32,0.05,0.7037,0.2108,0.9179,1.0,1.26774,1.26725,0.008511,0.00199021,297,,"{""NORMAL"": 120, ""PARTIAL_SHADING"": 60, ""DUST"": 240, ""OPEN_CIRCUIT"": 180, ""SHORT_CIRCUIT"": 180}",LORA,5,718.11,2026-09-10T16:13:00Z,2026-09-10T16:24:58Z,2026-09-10T16:13:00Z,2026-09-10T17:00:00Z,2026-09-10T16:13:00Z,2026-09-10T16:24:58Z,0.0,10.0,6,7.181,710.9,861.7,True,int8,0,,0.276596,2,member3-baseline-tanh-s0-trace
R02-SITE-F,2,SITE-F,ESP32-F01,v1.1,FAILED,180,3,32,0.05,0.9008,0.1731,1.0,1.0,0.74684,0.74662,0.005887,0.00134431,297,,"{""NORMAL"": 0, ""PARTIAL_SHADING"": 0, ""DUST"": 60, ""OPEN_CIRCUIT"": 120, ""SHORT_CIRCUIT"": 0}",WIFI,1,0.85,2026-09-10T14:34:00Z,,2026-09-10T14:34:00Z,2026-09-10T17:00:00Z,2026-09-10T14:34:00Z,2026-09-10T14:34:00Z,0.0,,1,,0.0,200.7,False,int8,,,0.0,,member3-baseline-tanh-s0-trace
R03-SITE-A,3,SITE-A,ESP32-A01,v1.2,RECEIVED,780,3,32,0.05,0.5759,0.2487,0.9308,1.0,1.01818,1.01842,0.008232,0.00188775,297,,"{""NORMAL"": 300, ""PARTIAL_SHADING"": 300, ""DUST"": 60, ""OPEN_CIRCUIT"": 60, ""SHORT_CIRCUIT"": 60}",WIFI,0,0.39,2026-09-10T19:47:00Z,2026-09-10T19:47:00Z,2026-09-10T19:47:00Z,2026-09-10T23:00:00Z,2026-09-10T19:47:00Z,2026-09-10T19:47:00Z,0.0,,1,,0.0,200.7,True,int8,0,,0.26,3,member3-baseline-tanh-s0-trace
R03-SITE-B,3,SITE-B,ESP32-B01,v1.2,RECEIVED,360,3,32,0.05,0.5532,0.2358,1.0,1.0,0.70998,0.71003,0.004847,0.00110959,297,,"{""NORMAL"": 120, ""PARTIAL_SHADING"": 0, ""DUST"": 180, ""OPEN_CIRCUIT"": 60, ""SHORT_CIRCUIT"": 0}",WIFI,0,0.39,2026-09-10T21:27:00Z,2026-09-10T21:27:00Z,2026-09-10T21:27:00Z,2026-09-10T23:00:00Z,2026-09-10T21:27:00Z,2026-09-10T21:27:00Z,0.0,,1,,0.0,200.7,True,int8,0,,0.12,3,member3-baseline-tanh-s0-trace
R03-SITE-C,3,SITE-C,ESP32-C01,v1.2,RECEIVED,360,3,32,0.05,0.3979,0.1111,1.0,1.0,0.6528,0.65276,0.00523,0.00116537,297,,"{""NORMAL"": 60, ""PARTIAL_SHADING"": 0, ""DUST"": 0, ""OPEN_CIRCUIT"": 180, ""SHORT_CIRCUIT"": 120}",LORA,0,150.36,2026-09-10T21:06:00Z,2026-09-10T21:08:30Z,2026-09-10T21:06:00Z,2026-09-10T23:00:00Z,2026-09-10T21:06:00Z,2026-09-10T21:08:30Z,0.0,8.0,2,1.504,148.9,180.4,True,int8,0,,0.12,3,member3-baseline-tanh-s0-trace
R03-SITE-D,3,SITE-D,ESP32-D01,v1.2,RECEIVED,540,3,32,0.05,0.6415,0.1203,0.7778,1.0,1.07003,1.07003,0.012348,0.00281425,297,,"{""NORMAL"": 0, ""PARTIAL_SHADING"": 240, ""DUST"": 60, ""OPEN_CIRCUIT"": 0, ""SHORT_CIRCUIT"": 240}",LTE,0,2.19,2026-09-10T22:24:00Z,2026-09-10T22:24:02Z,2026-09-10T22:24:00Z,2026-09-10T23:00:00Z,2026-09-10T22:24:00Z,2026-09-10T22:24:02Z,0.0,,1,,0.0,2134.2,True,int8,0,,0.18,3,member3-baseline-tanh-s0-trace
R03-SITE-E,3,SITE-E,ESP32-E01,v1.2,RECEIVED,780,3,32,0.05,0.3723,0.1439,1.0,1.0,0.88639,0.88594,0.005978,0.00135996,297,,"{""NORMAL"": 120, ""PARTIAL_SHADING"": 60, ""DUST"": 240, ""OPEN_CIRCUIT"": 180, ""SHORT_CIRCUIT"": 180}",LORA,1,456.98,2026-09-10T21:12:00Z,2026-09-10T21:19:36Z,2026-09-10T21:12:00Z,2026-09-10T23:00:00Z,2026-09-10T21:12:00Z,2026-09-10T21:19:36Z,0.0,10.0,6,4.57,452.4,548.4,True,int8,0,,0.26,3,member3-baseline-tanh-s0-trace
R03-SITE-F,3,SITE-F,ESP32-F01,v1.2,RECEIVED,180,3,32,0.05,0.681,0.124,1.0,1.0,0.64361,0.64376,0.005087,0.0010828,297,,"{""NORMAL"": 0, ""PARTIAL_SHADING"": 0, ""DUST"": 60, ""OPEN_CIRCUIT"": 120, ""SHORT_CIRCUIT"": 0}",WIFI,0,0.48,2026-09-10T21:21:00Z,2026-09-10T21:21:00Z,2026-09-10T21:21:00Z,2026-09-10T23:00:00Z,2026-09-10T21:21:00Z,2026-09-10T21:21:00Z,0.0,,1,,0.0,200.7,True,int8,0,,0.06,3,member3-baseline-tanh-s0-trace
R04-SITE-A,4,SITE-A,ESP32-A01,v1.3,RECEIVED,780,3,32,0.05,0.4262,0.198,1.0,1.0,0.84678,0.8465,0.007138,0.00164852,297,,"{""NORMAL"": 300, ""PARTIAL_SHADING"": 300, ""DUST"": 60, ""OPEN_CIRCUIT"": 60, ""SHORT_CIRCUIT"": 60}",WIFI,0,0.42,2026-09-11T03:44:00Z,2026-09-11T03:44:00Z,2026-09-11T03:44:00Z,2026-09-11T05:00:00Z,2026-09-11T03:44:00Z,2026-09-11T03:44:00Z,0.0,,1,,0.0,200.7,True,int8,0,,0.26,4,member3-baseline-tanh-s0-trace
R04-SITE-B,4,SITE-B,ESP32-B01,v1.3,RECEIVED,360,3,32,0.05,0.3923,0.1771,1.0,1.0,0.58645,0.58631,0.003558,0.00083931,297,,"{""NORMAL"": 120, ""PARTIAL_SHADING"": 0, ""DUST"": 180, ""OPEN_CIRCUIT"": 60, ""SHORT_CIRCUIT"": 0}",WIFI,0,0.4,2026-09-11T03:59:00Z,2026-09-11T03:59:00Z,2026-09-11T03:59:00Z,2026-09-11T05:00:00Z,2026-09-11T03:59:00Z,2026-09-11T03:59:00Z,0.0,,1,,0.0,200.7,True,int8,0,,0.12,4,member3-baseline-tanh-s0-trace
R04-SITE-C,4,SITE-C,ESP32-C01,v1.3,RECEIVED,360,3,32,0.05,0.2754,0.0805,1.0,1.0,0.53852,0.53842,0.003859,0.0009264,297,,"{""NORMAL"": 60, ""PARTIAL_SHADING"": 0, ""DUST"": 0, ""OPEN_CIRCUIT"": 180, ""SHORT_CIRCUIT"": 120}",LORA,0,85.9,2026-09-11T04:16:00Z,2026-09-11T04:17:25Z,2026-09-11T04:16:00Z,2026-09-11T05:00:00Z,2026-09-11T04:16:00Z,2026-09-11T04:17:25Z,0.0,7.0,2,0.859,85.0,103.1,True,int8,0,,0.12,4,member3-baseline-tanh-s0-trace
R04-SITE-D,4,SITE-D,ESP32-D01,v1.3,RECEIVED,540,3,32,0.05,0.5292,0.0946,0.7796,1.0,0.96096,0.96084,0.010513,0.00243495,297,,"{""NORMAL"": 0, ""PARTIAL_SHADING"": 240, ""DUST"": 60, ""OPEN_CIRCUIT"": 0, ""SHORT_CIRCUIT"": 240}",LTE,0,1.92,2026-09-11T01:27:00Z,2026-09-11T01:27:01Z,2026-09-11T01:27:00Z,2026-09-11T05:00:00Z,2026-09-11T01:27:00Z,2026-09-11T01:27:01Z,0.0,,1,,0.0,2134.2,True,int8,0,,0.18,4,member3-baseline-tanh-s0-trace
R04-SITE-E,4,SITE-E,ESP32-E01,v1.3,RECEIVED,780,3,32,0.05,0.2473,0.1087,1.0,1.0,0.69433,0.69465,0.004739,0.00109233,297,,"{""NORMAL"": 120, ""PARTIAL_SHADING"": 60, ""DUST"": 240, ""OPEN_CIRCUIT"": 180, ""SHORT_CIRCUIT"": 180}",LORA,2,522.26,2026-09-11T01:03:00Z,2026-09-11T01:11:42Z,2026-09-11T01:03:00Z,2026-09-11T05:00:00Z,2026-09-11T01:03:00Z,2026-09-11T01:11:42Z,0.0,10.0,6,5.223,517.0,626.7,True,int8,0,,0.26,4,member3-baseline-tanh-s0-trace
R04-SITE-F,4,SITE-F,ESP32-F01,v1.3,RECEIVED,180,3,32,0.05,0.5113,0.0959,1.0,1.0,0.55333,0.55289,0.003592,0.00084575,297,,"{""NORMAL"": 0, ""PARTIAL_SHADING"": 0, ""DUST"": 60, ""OPEN_CIRCUIT"": 120, ""SHORT_CIRCUIT"": 0}",WIFI,0,0.5,2026-09-11T02:26:00Z,2026-09-11T02:26:00Z,2026-09-11T02:26:00Z,2026-09-11T05:00:00Z,2026-09-11T02:26:00Z,2026-09-11T02:26:00Z,0.0,,1,,0.0,200.7,True,int8,0,,0.06,4,member3-baseline-tanh-s0-trace
R05-SITE-A,5,SITE-A,ESP32-A01,v1.4,RECEIVED,780,3,32,0.05,0.3367,0.1635,1.0,1.0,0.7272,0.72729,0.006041,0.00142084,297,,"{""NORMAL"": 300, ""PARTIAL_SHADING"": 300, ""DUST"": 60, ""OPEN_CIRCUIT"": 60, ""SHORT_CIRCUIT"": 60}",WIFI,0,0.38,2026-09-11T07:50:00Z,2026-09-11T07:50:00Z,2026-09-11T07:50:00Z,2026-09-11T11:00:00Z,2026-09-11T07:50:00Z,2026-09-11T07:50:00Z,0.0,,1,,0.0,200.7,True,int8,0,,0.26,5,member3-baseline-tanh-s0-trace
R05-SITE-B,5,SITE-B,ESP32-B01,v1.4,RECEIVED,360,3,32,0.05,0.2984,0.1401,1.0,1.0,0.50826,0.50842,0.003142,0.00072285,297,,"{""NORMAL"": 120, ""PARTIAL_SHADING"": 0, ""DUST"": 180, ""OPEN_CIRCUIT"": 60, ""SHORT_CIRCUIT"": 0}",WIFI,0,0.39,2026-09-11T07:08:00Z,2026-09-11T07:08:00Z,2026-09-11T07:08:00Z,2026-09-11T11:00:00Z,2026-09-11T07:08:00Z,2026-09-11T07:08:00Z,0.0,,1,,0.0,200.7,True,int8,0,,0.12,5,member3-baseline-tanh-s0-trace
R05-SITE-C,5,SITE-C,ESP32-C01,v1.4,RECEIVED,360,3,32,0.05,0.2124,0.0632,1.0,1.0,0.47283,0.47296,0.003387,0.00079547,297,,"{""NORMAL"": 60, ""PARTIAL_SHADING"": 0, ""DUST"": 0, ""OPEN_CIRCUIT"": 180, ""SHORT_CIRCUIT"": 120}",LORA,0,218.15,2026-09-11T10:29:00Z,2026-09-11T10:32:38Z,2026-09-11T10:29:00Z,2026-09-11T11:00:00Z,2026-09-11T10:29:00Z,2026-09-11T10:32:38Z,0.0,9.0,3,2.182,216.0,261.8,True,int8,0,,0.12,5,member3-baseline-tanh-s0-trace
R05-SITE-D,5,SITE-D,ESP32-D01,v1.4,RECEIVED,540,3,32,0.05,0.4545,0.0794,0.8778,1.0,0.87816,0.87839,0.008973,0.00212015,297,,"{""NORMAL"": 0, ""PARTIAL_SHADING"": 240, ""DUST"": 60, ""OPEN_CIRCUIT"": 0, ""SHORT_CIRCUIT"": 240}",LTE,0,1.94,2026-09-11T07:44:00Z,2026-09-11T07:44:01Z,2026-09-11T07:44:00Z,2026-09-11T11:00:00Z,2026-09-11T07:44:00Z,2026-09-11T07:44:01Z,0.0,,1,,0.0,2134.2,True,int8,0,,0.18,5,member3-baseline-tanh-s0-trace
R05-SITE-E,5,SITE-E,ESP32-E01,v1.4,RECEIVED,780,3,32,0.05,0.1828,0.0857,1.0,1.0,0.58308,0.58332,0.004122,0.00096998,297,,"{""NORMAL"": 120, ""PARTIAL_SHADING"": 60, ""DUST"": 240, ""OPEN_CIRCUIT"": 180, ""SHORT_CIRCUIT"": 180}",LORA,3,587.54,2026-09-11T06:32:00Z,2026-09-11T06:41:47Z,2026-09-11T06:32:00Z,2026-09-11T11:00:00Z,2026-09-11T06:32:00Z,2026-09-11T06:41:47Z,0.0,10.0,6,5.875,581.7,705.1,True,int8,0,,0.26,5,member3-baseline-tanh-s0-trace
R05-SITE-F,5,SITE-F,ESP32-F01,v1.4,RECEIVED,180,3,32,0.05,0.4132,0.0795,1.0,1.0,0.49518,0.49514,0.0031,0.00072213,297,,"{""NORMAL"": 0, ""PARTIAL_SHADING"": 0, ""DUST"": 60, ""OPEN_CIRCUIT"": 120, ""SHORT_CIRCUIT"": 0}",WIFI,0,0.66,2026-09-11T07:12:00Z,2026-09-11T07:12:00Z,2026-09-11T07:12:00Z,2026-09-11T11:00:00Z,2026-09-11T07:12:00Z,2026-09-11T07:12:00Z,0.0,,1,,0.0,200.7,True,int8,0,,0.06,5,member3-baseline-tanh-s0-trace
R06-SITE-A,6,SITE-A,ESP32-A01,v1.5,RECEIVED,780,3,32,0.05,0.2753,0.137,1.0,1.0,0.64257,0.64272,0.005384,0.00123195,297,,"{""NORMAL"": 300, ""PARTIAL_SHADING"": 300, ""DUST"": 60, ""OPEN_CIRCUIT"": 60, ""SHORT_CIRCUIT"": 60}",WIFI,0,0.4,2026-09-11T16:23:00Z,2026-09-11T16:23:00Z,2026-09-11T16:23:00Z,2026-09-11T17:00:00Z,2026-09-11T16:23:00Z,2026-09-11T16:23:00Z,0.0,,1,,0.0,200.7,True,int8,0,,0.295455,6,member3-baseline-tanh-s0-trace
R06-SITE-B,6,SITE-B,ESP32-B01,v1.5,FAILED,360,3,32,0.05,0.2372,0.1169,1.0,1.0,0.44061,0.44102,0.002589,0.00062605,297,,"{""NORMAL"": 120, ""PARTIAL_SHADING"": 0, ""DUST"": 180, ""OPEN_CIRCUIT"": 60, ""SHORT_CIRCUIT"": 0}",WIFI,1,0.85,2026-09-11T14:58:00Z,,2026-09-11T14:58:00Z,2026-09-11T17:00:00Z,2026-09-11T14:58:00Z,2026-09-11T14:58:00Z,0.0,,1,,0.0,200.7,False,int8,,,0.0,,member3-baseline-tanh-s0-trace
R06-SITE-C,6,SITE-C,ESP32-C01,v1.5,RECEIVED,360,3,32,0.05,0.1707,0.0526,1.0,1.0,0.42027,0.42026,0.003,0.00070255,297,,"{""NORMAL"": 60, ""PARTIAL_SHADING"": 0, ""DUST"": 0, ""OPEN_CIRCUIT"": 180, ""SHORT_CIRCUIT"": 120}",LORA,0,150.36,2026-09-11T16:05:00Z,2026-09-11T16:07:30Z,2026-09-11T16:05:00Z,2026-09-11T17:00:00Z,2026-09-11T16:05:00Z,2026-09-11T16:07:30Z,0.0,8.0,2,1.504,148.9,180.4,True,int8,0,,0.136364,6,member3-baseline-tanh-s0-trace
R06-SITE-D,6,SITE-D,ESP32-D01,v1.5,RECEIVED,540,3,32,0.05,0.4043,0.0687,0.8889,1.0,0.81861,0.81953,0.009135,0.00197778,297,,"{""NORMAL"": 0, ""PARTIAL_SHADING"": 240, ""DUST"": 60, ""OPEN_CIRCUIT"": 0, ""SHORT_CIRCUIT"": 240}",LTE,2,4.92,2026-09-11T16:07:00Z,2026-09-11T16:07:04Z,2026-09-11T16:07:00Z,2026-09-11T17:00:00Z,2026-09-11T16:07:00Z,2026-09-11T16:07:04Z,0.0,,1,,0.0,2134.2,True,int8,0,,0.204545,6,member3-baseline-tanh-s0-trace
R06-SITE-E,6,SITE-E,ESP32-E01,v1.5,RECEIVED,780,3,32,0.05,0.1427,0.0702,1.0,1.0,0.50254,0.50227,0.004045,0.00090326,297,,"{""NORMAL"": 120, ""PARTIAL_SHADING"": 60, ""DUST"": 240, ""OPEN_CIRCUIT"": 180, ""SHORT_CIRCUIT"": 180}",LORA,4,652.83,2026-09-11T13:28:00Z,2026-09-11T13:38:52Z,2026-09-11T13:28:00Z,2026-09-11T17:00:00Z,2026-09-11T13:28:00Z,2026-09-11T13:38:52Z,0.0,10.0,6,6.528,646.3,783.4,True,int8,0,,0.295455,6,member3-baseline-tanh-s0-trace
R06-SITE-F,6,SITE-F,ESP32-F01,v1.5,RECEIVED,180,3,32,0.05,0.3531,0.0684,1.0,1.0,0.45639,0.45617,0.002881,0.0006596,297,,"{""NORMAL"": 0, ""PARTIAL_SHADING"": 0, ""DUST"": 60, ""OPEN_CIRCUIT"": 120, ""SHORT_CIRCUIT"": 0}",WIFI,1,1.29,2026-09-11T15:53:00Z,2026-09-11T15:53:01Z,2026-09-11T15:53:00Z,2026-09-11T17:00:00Z,2026-09-11T15:53:00Z,2026-09-11T15:53:01Z,0.0,,1,,0.0,200.7,True,int8,0,,0.068182,6,member3-baseline-tanh-s0-trace
R07-SITE-A,7,SITE-A,ESP32-A01,v1.6,RECEIVED,780,3,32,0.05,0.2291,0.116,1.0,1.0,0.58114,0.58086,0.004878,0.00110273,297,,"{""NORMAL"": 300, ""PARTIAL_SHADING"": 300, ""DUST"": 60, ""OPEN_CIRCUIT"": 60, ""SHORT_CIRCUIT"": 60}",WIFI,0,0.42,2026-09-11T22:26:00Z,2026-09-11T22:26:00Z,2026-09-11T22:26:00Z,2026-09-11T23:00:00Z,2026-09-11T22:26:00Z,2026-09-11T22:26:00Z,0.0,,1,,0.0,200.7,True,int8,0,,0.26,7,member3-baseline-tanh-s0-trace
R07-SITE-B,7,SITE-B,ESP32-B01,v1.6,RECEIVED,360,3,32,0.05,0.214,0.1014,1.0,1.0,0.42476,0.42492,0.002669,0.00061067,297,,"{""NORMAL"": 120, ""PARTIAL_SHADING"": 0, ""DUST"": 180, ""OPEN_CIRCUIT"": 60, ""SHORT_CIRCUIT"": 0}",WIFI,0,0.4,2026-09-11T19:47:00Z,2026-09-11T19:47:00Z,2026-09-11T19:47:00Z,2026-09-11T23:00:00Z,2026-09-11T19:47:00Z,2026-09-11T19:47:00Z,0.0,,1,,0.0,200.7,True,int8,0,,0.12,7,member3-baseline-tanh-s0-trace
R07-SITE-C,7,SITE-C,ESP32-C01,v1.6,RECEIVED,360,3,32,0.05,0.1512,0.0455,1.0,1.0,0.396,0.39579,0.002806,0.00065249,297,,"{""NORMAL"": 60, ""PARTIAL_SHADING"": 0, ""DUST"": 0, ""OPEN_CIRCUIT"": 180, ""SHORT_CIRCUIT"": 120}",LORA,0,150.36,2026-09-11T21:56:00Z,2026-09-11T21:58:30Z,2026-09-11T21:56:00Z,2026-09-11T23:00:00Z,2026-09-11T21:56:00Z,2026-09-11T21:58:30Z,0.0,8.0,2,1.504,148.9,180.4,True,int8,0,,0.12,7,member3-baseline-tanh-s0-trace
R07-SITE-D,7,SITE-D,ESP32-D01,v1.6,RECEIVED,540,3,32,0.05,0.3359,0.0593,0.8889,1.0,0.73861,0.73878,0.007824,0.00181504,297,,"{""NORMAL"": 0, ""PARTIAL_SHADING"": 240, ""DUST"": 60, ""OPEN_CIRCUIT"": 0, ""SHORT_CIRCUIT"": 240}",LTE,0,2.06,2026-09-11T19:56:00Z,2026-09-11T19:56:02Z,2026-09-11T19:56:00Z,2026-09-11T23:00:00Z,2026-09-11T19:56:00Z,2026-09-11T19:56:02Z,0.0,,1,,0.0,2134.2,True,int8,0,,0.18,7,member3-baseline-tanh-s0-trace
R07-SITE-E,7,SITE-E,ESP32-E01,v1.6,RECEIVED,780,3,32,0.05,0.1205,0.0592,1.0,1.0,0.46051,0.46055,0.003862,0.00092521,297,,"{""NORMAL"": 120, ""PARTIAL_SHADING"": 60, ""DUST"": 240, ""OPEN_CIRCUIT"": 180, ""SHORT_CIRCUIT"": 180}",LORA,0,391.7,2026-09-11T18:58:00Z,2026-09-11T19:04:31Z,2026-09-11T18:58:00Z,2026-09-11T23:00:00Z,2026-09-11T18:58:00Z,2026-09-11T19:04:31Z,0.0,10.0,6,3.917,387.8,470.0,True,int8,0,,0.26,7,member3-baseline-tanh-s0-trace
R07-SITE-F,7,SITE-F,ESP32-F01,v1.6,RECEIVED,180,3,32,0.05,0.3056,0.0604,1.0,1.0,0.42365,0.42369,0.002697,0.00062351,297,,"{""NORMAL"": 0, ""PARTIAL_SHADING"": 0, ""DUST"": 60, ""OPEN_CIRCUIT"": 120, ""SHORT_CIRCUIT"": 0}",WIFI,1,1.03,2026-09-11T22:25:00Z,2026-09-11T22:25:01Z,2026-09-11T22:25:00Z,2026-09-11T23:00:00Z,2026-09-11T22:25:00Z,2026-09-11T22:25:01Z,0.0,,1,,0.0,200.7,True,int8,0,,0.06,7,member3-baseline-tanh-s0-trace
R08-SITE-A,8,SITE-A,ESP32-A01,v1.7,RECEIVED,780,3,32,0.05,0.1968,0.1002,1.0,1.0,0.53324,0.53309,0.004404,0.00098166,297,,"{""NORMAL"": 300, ""PARTIAL_SHADING"": 300, ""DUST"": 60, ""OPEN_CIRCUIT"": 60, ""SHORT_CIRCUIT"": 60}",WIFI,0,0.4,2026-09-12T00:49:00Z,2026-09-12T00:49:00Z,2026-09-12T00:49:00Z,2026-09-12T05:00:00Z,2026-09-12T00:49:00Z,2026-09-12T00:49:00Z,0.0,,1,,0.0,200.7,True,int8,0,,0.26,8,member3-baseline-tanh-s0-trace
R08-SITE-B,8,SITE-B,ESP32-B01,v1.7,RECEIVED,360,3,32,0.05,0.1731,0.0874,1.0,1.0,0.3746,0.37473,0.002327,0.00052784,297,,"{""NORMAL"": 120, ""PARTIAL_SHADING"": 0, ""DUST"": 180, ""OPEN_CIRCUIT"": 60, ""SHORT_CIRCUIT"": 0}",WIFI,0,0.4,2026-09-12T04:37:00Z,2026-09-12T04:37:00Z,2026-09-12T04:37:00Z,2026-09-12T05:00:00Z,2026-09-12T04:37:00Z,2026-09-12T04:37:00Z,0.0,,1,,0.0,200.7,True,int8,0,,0.12,8,member3-baseline-tanh-s0-trace
R08-SITE-C,8,SITE-C,ESP32-C01,v1.7,RECEIVED,360,3,32,0.05,0.1207,0.0394,1.0,1.0,0.34851,0.34857,0.002555,0.00057272,297,,"{""NORMAL"": 60, ""PARTIAL_SHADING"": 0, ""DUST"": 0, ""OPEN_CIRCUIT"": 180, ""SHORT_CIRCUIT"": 120}",LORA,0,150.36,2026-09-12T00:30:00Z,2026-09-12T00:32:30Z,2026-09-12T00:30:00Z,2026-09-12T05:00:00Z,2026-09-12T00:30:00Z,2026-09-12T00:32:30Z,0.0,8.0,2,1.504,148.9,180.4,True,int8,0,,0.12,8,member3-baseline-tanh-s0-trace
R08-SITE-D,8,SITE-D,ESP32-D01,v1.7,RECEIVED,540,3,32,0.05,0.3196,0.0538,0.8889,1.0,0.71345,0.71369,0.007309,0.00180277,297,,"{""NORMAL"": 0, ""PARTIAL_SHADING"": 240, ""DUST"": 60, ""OPEN_CIRCUIT"": 0, ""SHORT_CIRCUIT"": 240}",LTE,0,1.9,2026-09-12T04:08:00Z,2026-09-12T04:08:01Z,2026-09-12T04:08:00Z,2026-09-12T05:00:00Z,2026-09-12T04:08:00Z,2026-09-12T04:08:01Z,0.0,,1,,0.0,2134.2,True,int8,0,,0.18,8,member3-baseline-tanh-s0-trace
R08-SITE-E,8,SITE-E,ESP32-E01,v1.7,RECEIVED,780,3,32,0.05,0.0975,0.0503,1.0,1.0,0.40764,0.40786,0.003604,0.00087085,297,,"{""NORMAL"": 120, ""PARTIAL_SHADING"": 60, ""DUST"": 240, ""OPEN_CIRCUIT"": 180, ""SHORT_CIRCUIT"": 180}",LORA,0,218.15,2026-09-12T04:33:00Z,2026-09-12T04:36:38Z,2026-09-12T04:17:00Z,2026-09-12T05:00:00Z,2026-09-12T04:33:00Z,2026-09-12T04:36:38Z,960.0,9.0,3,2.182,216.0,261.8,True,int8,0,,0.26,8,member3-baseline-tanh-s0-trace
R08-SITE-F,8,SITE-F,ESP32-F01,v1.7,RECEIVED,180,3,32,0.05,0.2645,0.0539,1.0,1.0,0.39351,0.39365,0.002497,0.0005689,297,,"{""NORMAL"": 0, ""PARTIAL_SHADING"": 0, ""DUST"": 60, ""OPEN_CIRCUIT"": 120, ""SHORT_CIRCUIT"": 0}",WIFI,0,0.4,2026-09-12T01:33:00Z,2026-09-12T01:33:00Z,2026-09-12T01:33:00Z,2026-09-12T05:00:00Z,2026-09-12T01:33:00Z,2026-09-12T01:33:00Z,0.0,,1,,0.0,200.7,True,int8,0,,0.06,8,member3-baseline-tanh-s0-trace
R09-SITE-A,9,SITE-A,ESP32-A01,v1.8,RECEIVED,780,3,32,0.05,0.1709,0.0879,1.0,1.0,0.49095,0.49088,0.003969,0.00089218,297,,"{""NORMAL"": 300, ""PARTIAL_SHADING"": 300, ""DUST"": 60, ""OPEN_CIRCUIT"": 60, ""SHORT_CIRCUIT"": 60}",WIFI,0,0.42,2026-09-12T06:16:00Z,2026-09-12T06:16:00Z,2026-09-12T06:16:00Z,2026-09-12T11:00:00Z,2026-09-12T06:16:00Z,2026-09-12T06:16:00Z,0.0,,1,,0.0,200.7,True,int8,0,,0.26,9,member3-baseline-tanh-s0-trace
R09-SITE-B,9,SITE-B,ESP32-B01,v1.8,RECEIVED,360,3,32,0.05,0.1467,0.0765,1.0,1.0,0.34317,0.34287,0.002158,0.00049225,297,,"{""NORMAL"": 120, ""PARTIAL_SHADING"": 0, ""DUST"": 180, ""OPEN_CIRCUIT"": 60, ""SHORT_CIRCUIT"": 0}",WIFI,0,0.42,2026-09-12T06:48:00Z,2026-09-12T06:48:00Z,2026-09-12T06:48:00Z,2026-09-12T11:00:00Z,2026-09-12T06:48:00Z,2026-09-12T06:48:00Z,0.0,,1,,0.0,200.7,True,int8,0,,0.12,9,member3-baseline-tanh-s0-trace
R09-SITE-C,9,SITE-C,ESP32-C01,v1.8,RECEIVED,360,3,32,0.05,0.1013,0.0347,1.0,1.0,0.31945,0.31924,0.002169,0.00050392,297,,"{""NORMAL"": 60, ""PARTIAL_SHADING"": 0, ""DUST"": 0, ""OPEN_CIRCUIT"": 180, ""SHORT_CIRCUIT"": 120}",LORA,0,85.9,2026-09-12T06:28:00Z,2026-09-12T06:29:25Z,2026-09-12T06:28:00Z,2026-09-12T11:00:00Z,2026-09-12T06:28:00Z,2026-09-12T06:29:25Z,0.0,7.0,2,0.859,85.0,103.1,True,int8,0,,0.12,9,member3-baseline-tanh-s0-trace
R09-SITE-D,9,SITE-D,ESP32-D01,v1.8,RECEIVED,540,3,32,0.05,0.3,0.0492,0.8889,1.0,0.68467,0.68489,0.007613,0.00176329,297,,"{""NORMAL"": 0, ""PARTIAL_SHADING"": 240, ""DUST"": 60, ""OPEN_CIRCUIT"": 0, ""SHORT_CIRCUIT"": 240}",LTE,0,1.91,2026-09-12T09:48:00Z,2026-09-12T09:48:01Z,2026-09-12T09:48:00Z,2026-09-12T11:00:00Z,2026-09-12T09:48:00Z,2026-09-12T09:48:01Z,0.0,,1,,0.0,2134.2,True,int8,0,,0.18,9,member3-baseline-tanh-s0-trace
R09-SITE-E,9,SITE-E,ESP32-E01,v1.8,RECEIVED,780,3,32,0.05,0.0817,0.0436,1.0,1.0,0.36892,0.36862,0.003454,0.00081828,297,,"{""NORMAL"": 120, ""PARTIAL_SHADING"": 60, ""DUST"": 240, ""OPEN_CIRCUIT"": 180, ""SHORT_CIRCUIT"": 180}",LORA,0,150.36,2026-09-12T06:13:00Z,2026-09-12T06:15:30Z,2026-09-12T06:13:00Z,2026-09-12T11:00:00Z,2026-09-12T06:13:00Z,2026-09-12T06:15:30Z,0.0,8.0,2,1.504,148.9,180.4,True,int8,0,,0.26,9,member3-baseline-tanh-s0-trace
R09-SITE-F,9,SITE-F,ESP32-F01,v1.8,RECEIVED,180,3,32,0.05,0.2346,0.049,1.0,1.0,0.37042,0.37056,0.002341,0.00052816,297,,"{""NORMAL"": 0, ""PARTIAL_SHADING"": 0, ""DUST"": 60, ""OPEN_CIRCUIT"": 120, ""SHORT_CIRCUIT"": 0}",WIFI,0,0.4,2026-09-12T06:36:00Z,2026-09-12T06:36:00Z,2026-09-12T06:36:00Z,2026-09-12T11:00:00Z,2026-09-12T06:36:00Z,2026-09-12T06:36:00Z,0.0,,1,,0.0,200.7,True,int8,0,,0.06,9,member3-baseline-tanh-s0-trace
R10-SITE-A,10,SITE-A,ESP32-A01,v1.9,RECEIVED,780,3,32,0.05,0.1505,0.0777,1.0,1.0,0.4636,0.46344,0.003708,0.00085554,297,,"{""NORMAL"": 300, ""PARTIAL_SHADING"": 300, ""DUST"": 60, ""OPEN_CIRCUIT"": 60, ""SHORT_CIRCUIT"": 60}",WIFI,0,0.42,2026-09-12T13:58:00Z,2026-09-12T13:58:00Z,2026-09-12T13:58:00Z,2026-09-12T17:00:00Z,2026-09-12T13:58:00Z,2026-09-12T13:58:00Z,0.0,,1,,0.0,200.7,True,int8,0,,0.276596,10,member3-baseline-tanh-s0-trace
R10-SITE-B,10,SITE-B,ESP32-B01,v1.9,RECEIVED,360,3,32,0.05,0.1276,0.0685,1.0,1.0,0.31261,0.31276,0.002033,0.00046506,297,,"{""NORMAL"": 120, ""PARTIAL_SHADING"": 0, ""DUST"": 180, ""OPEN_CIRCUIT"": 60, ""SHORT_CIRCUIT"": 0}",WIFI,0,0.4,2026-09-12T15:02:00Z,2026-09-12T15:02:00Z,2026-09-12T15:02:00Z,2026-09-12T17:00:00Z,2026-09-12T15:02:00Z,2026-09-12T15:02:00Z,0.0,,1,,0.0,200.7,True,int8,0,,0.12766,10,member3-baseline-tanh-s0-trace
R10-SITE-C,10,SITE-C,ESP32-C01,v1.9,RECEIVED,360,3,32,0.05,0.0871,0.0313,1.0,1.0,0.29325,0.29313,0.001926,0.00045259,297,,"{""NORMAL"": 60, ""PARTIAL_SHADING"": 0, ""DUST"": 0, ""OPEN_CIRCUIT"": 180, ""SHORT_CIRCUIT"": 120}",LORA,0,150.36,2026-09-12T14:44:00Z,2026-09-12T14:46:30Z,2026-09-12T14:44:00Z,2026-09-12T17:00:00Z,2026-09-12T14:44:00Z,2026-09-12T14:46:30Z,0.0,8.0,2,1.504,148.9,180.4,True,int8,0,,0.12766,10,member3-baseline-tanh-s0-trace
R10-SITE-D,10,SITE-D,ESP32-D01,v1.9,RECEIVED,540,3,32,0.05,0.2799,0.0451,0.8889,1.0,0.65535,0.65632,0.00766,0.00171116,297,,"{""NORMAL"": 0, ""PARTIAL_SHADING"": 240, ""DUST"": 60, ""OPEN_CIRCUIT"": 0, ""SHORT_CIRCUIT"": 240}",LTE,2,4.39,2026-09-12T13:42:00Z,2026-09-12T13:42:04Z,2026-09-12T13:42:00Z,2026-09-12T17:00:00Z,2026-09-12T13:42:00Z,2026-09-12T13:42:04Z,0.0,,1,,0.0,2134.2,True,int8,0,,0.191489,10,member3-baseline-tanh-s0-trace
R10-SITE-E,10,SITE-E,ESP32-E01,v1.9,RECEIVED,780,3,32,0.05,0.0699,0.0386,1.0,1.0,0.3334,0.33286,0.003443,0.00077016,297,,"{""NORMAL"": 120, ""PARTIAL_SHADING"": 60, ""DUST"": 240, ""OPEN_CIRCUIT"": 180, ""SHORT_CIRCUIT"": 180}",LORA,0,391.7,2026-09-12T16:21:00Z,2026-09-12T16:27:31Z,2026-09-12T16:21:00Z,2026-09-12T17:00:00Z,2026-09-12T16:21:00Z,2026-09-12T16:27:31Z,0.0,10.0,6,3.917,387.8,470.0,True,int8,0,,0.276596,10,member3-baseline-tanh-s0-trace
R10-SITE-F,10,SITE-F,ESP32-F01,v1.9,LATE,180,3,32,0.05,0.2107,0.045,1.0,1.0,0.35048,0.35047,0.002276,0.00049133,297,,"{""NORMAL"": 0, ""PARTIAL_SHADING"": 0, ""DUST"": 60, ""OPEN_CIRCUIT"": 120, ""SHORT_CIRCUIT"": 0}",WIFI,0,0.51,2026-09-12T17:19:00Z,2026-09-12T17:19:00Z,2026-09-12T15:29:00Z,2026-09-12T17:00:00Z,2026-09-12T17:19:00Z,2026-09-12T17:19:00Z,6600.0,,1,,0.0,200.7,True,int8,,,0.0,,member3-baseline-tanh-s0-trace
R11-SITE-A,11,SITE-A,ESP32-A01,v1.10,RECEIVED,780,3,32,0.05,0.1289,0.0689,1.0,1.0,0.41961,0.4199,0.003157,0.00076656,297,,"{""NORMAL"": 300, ""PARTIAL_SHADING"": 300, ""DUST"": 60, ""OPEN_CIRCUIT"": 60, ""SHORT_CIRCUIT"": 60}",WIFI,0,0.39,2026-09-12T20:31:00Z,2026-09-12T20:31:00Z,2026-09-12T20:31:00Z,2026-09-12T23:00:00Z,2026-09-12T20:31:00Z,2026-09-12T20:31:00Z,0.0,,1,,0.0,200.7,True,int8,0,,0.276596,11,member3-baseline-tanh-s0-trace
R11-SITE-B,11,SITE-B,ESP32-B01,v1.10,RECEIVED,360,3,32,0.05,0.1151,0.0614,1.0,1.0,0.29562,0.29566,0.00192,0.00044392,297,,"{""NORMAL"": 120, ""PARTIAL_SHADING"": 0, ""DUST"": 180, ""OPEN_CIRCUIT"": 60, ""SHORT_CIRCUIT"": 0}",WIFI,0,0.44,2026-09-12T21:40:00Z,2026-09-12T21:40:00Z,2026-09-12T21:40:00Z,2026-09-12T23:00:00Z,2026-09-12T21:40:00Z,2026-09-12T21:40:00Z,0.0,,1,,0.0,200.7,True,int8,0,,0.12766,11,member3-baseline-tanh-s0-trace
R11-SITE-C,11,SITE-C,ESP32-C01,v1.10,RECEIVED,360,3,32,0.05,0.0803,0.0285,1.0,1.0,0.283,0.28322,0.001819,0.0004248,297,,"{""NORMAL"": 60, ""PARTIAL_SHADING"": 0, ""DUST"": 0, ""OPEN_CIRCUIT"": 180, ""SHORT_CIRCUIT"": 120}",LORA,0,150.36,2026-09-12T18:27:00Z,2026-09-12T18:29:30Z,2026-09-12T18:05:00Z,2026-09-12T23:00:00Z,2026-09-12T18:27:00Z,2026-09-12T18:29:30Z,1320.0,8.0,2,1.504,148.9,180.4,True,int8,0,,0.12766,11,member3-baseline-tanh-s0-trace
R11-SITE-D,11,SITE-D,ESP32-D01,v1.10,RECEIVED,540,3,32,0.05,0.2621,0.0413,0.8889,1.0,0.62601,0.62617,0.007417,0.00163803,297,,"{""NORMAL"": 0, ""PARTIAL_SHADING"": 240, ""DUST"": 60, ""OPEN_CIRCUIT"": 0, ""SHORT_CIRCUIT"": 240}",LTE,0,2.17,2026-09-12T20:52:00Z,2026-09-12T20:52:02Z,2026-09-12T20:52:00Z,2026-09-12T23:00:00Z,2026-09-12T20:52:00Z,2026-09-12T20:52:02Z,0.0,,1,,0.0,2134.2,True,int8,0,,0.191489,11,member3-baseline-tanh-s0-trace
R11-SITE-E,11,SITE-E,ESP32-E01,v1.10,RECEIVED,780,3,32,0.05,0.0617,0.0343,1.0,1.0,0.31158,0.31154,0.003435,0.00075477,297,,"{""NORMAL"": 120, ""PARTIAL_SHADING"": 60, ""DUST"": 240, ""OPEN_CIRCUIT"": 180, ""SHORT_CIRCUIT"": 180}",LORA,1,456.98,2026-09-12T20:25:00Z,2026-09-12T20:32:36Z,2026-09-12T20:25:00Z,2026-09-12T23:00:00Z,2026-09-12T20:25:00Z,2026-09-12T20:32:36Z,0.0,10.0,6,4.57,452.4,548.4,True,int8,0,,0.276596,11,member3-baseline-tanh-s0-trace
R11-SITE-F,11,SITE-F,ESP32-F01,v1.10,FAILED,180,3,32,0.05,0.2101,0.0423,1.0,1.0,0.34996,0.34985,0.002061,0.00048456,297,,"{""NORMAL"": 0, ""PARTIAL_SHADING"": 0, ""DUST"": 60, ""OPEN_CIRCUIT"": 120, ""SHORT_CIRCUIT"": 0}",WIFI,1,0.85,2026-09-12T19:10:00Z,,2026-09-12T19:10:00Z,2026-09-12T23:00:00Z,2026-09-12T19:10:00Z,2026-09-12T19:10:00Z,0.0,,1,,0.0,200.7,False,int8,,,0.0,,member3-baseline-tanh-s0-trace
R12-SITE-A,12,SITE-A,ESP32-A01,v1.11,RECEIVED,780,3,32,0.05,0.1137,0.0615,1.0,1.0,0.3939,0.39344,0.003237,0.0007209,297,,"{""NORMAL"": 300, ""PARTIAL_SHADING"": 300, ""DUST"": 60, ""OPEN_CIRCUIT"": 60, ""SHORT_CIRCUIT"": 60}",WIFI,0,0.38,2026-09-13T04:10:00Z,2026-09-13T04:10:00Z,2026-09-13T04:10:00Z,2026-09-13T05:00:00Z,2026-09-13T04:10:00Z,2026-09-13T04:10:00Z,0.0,,1,,0.0,200.7,True,int8,0,,0.26,12,member3-baseline-tanh-s0-trace
R12-SITE-B,12,SITE-B,ESP32-B01,v1.11,RECEIVED,360,3,32,0.05,0.1039,0.0561,1.0,1.0,0.27498,0.27499,0.001842,0.00041918,297,,"{""NORMAL"": 120, ""PARTIAL_SHADING"": 0, ""DUST"": 180, ""OPEN_CIRCUIT"": 60, ""SHORT_CIRCUIT"": 0}",WIFI,0,0.38,2026-09-13T01:10:00Z,2026-09-13T01:10:00Z,2026-09-13T01:10:00Z,2026-09-13T05:00:00Z,2026-09-13T01:10:00Z,2026-09-13T01:10:00Z,0.0,,1,,0.0,200.7,True,int8,0,,0.12,12,member3-baseline-tanh-s0-trace
R12-SITE-C,12,SITE-C,ESP32-C01,v1.11,RECEIVED,360,3,32,0.05,0.0719,0.0261,1.0,1.0,0.26771,0.26744,0.001641,0.00038564,297,,"{""NORMAL"": 60, ""PARTIAL_SHADING"": 0, ""DUST"": 0, ""OPEN_CIRCUIT"": 180, ""SHORT_CIRCUIT"": 120}",LORA,0,150.36,2026-09-13T03:46:00Z,2026-09-13T03:48:30Z,2026-09-13T03:46:00Z,2026-09-13T05:00:00Z,2026-09-13T03:46:00Z,2026-09-13T03:48:30Z,0.0,8.0,2,1.504,148.9,180.4,True,int8,0,,0.12,12,member3-baseline-tanh-s0-trace
R12-SITE-D,12,SITE-D,ESP32-D01,v1.11,RECEIVED,540,3,32,0.05,0.2469,0.0382,0.8889,1.0,0.60167,0.6023,0.006782,0.00158479,297,,"{""NORMAL"": 0, ""PARTIAL_SHADING"": 240, ""DUST"": 60, ""OPEN_CIRCUIT"": 0, ""SHORT_CIRCUIT"": 240}",LTE,0,1.94,2026-09-13T04:11:00Z,2026-09-13T04:11:01Z,2026-09-13T04:11:00Z,2026-09-13T05:00:00Z,2026-09-13T04:11:00Z,2026-09-13T04:11:01Z,0.0,,1,,0.0,2134.2,True,int8,0,,0.18,12,member3-baseline-tanh-s0-trace
R12-SITE-E,12,SITE-E,ESP32-E01,v1.11,RECEIVED,780,3,32,0.05,0.0544,0.0309,1.0,1.0,0.28896,0.28878,0.00327,0.00071851,297,,"{""NORMAL"": 120, ""PARTIAL_SHADING"": 60, ""DUST"": 240, ""OPEN_CIRCUIT"": 180, ""SHORT_CIRCUIT"": 180}",LORA,1,290.87,2026-09-13T04:06:00Z,2026-09-13T04:10:50Z,2026-09-13T04:06:00Z,2026-09-13T05:00:00Z,2026-09-13T04:06:00Z,2026-09-13T04:10:50Z,0.0,9.0,3,2.909,288.0,349.0,True,int8,0,,0.26,12,member3-baseline-tanh-s0-trace
R12-SITE-F,12,SITE-F,ESP32-F01,v1.11,RECEIVED,180,3,32,0.05,0.2005,0.0397,1.0,1.0,0.34224,0.34206,0.00204,0.00046575,297,,"{""NORMAL"": 0, ""PARTIAL_SHADING"": 0, ""DUST"": 60, ""OPEN_CIRCUIT"": 120, ""SHORT_CIRCUIT"": 0}",WIFI,0,0.53,2026-09-13T04:18:00Z,2026-09-13T04:18:00Z,2026-09-13T04:11:00Z,2026-09-13T05:00:00Z,2026-09-13T04:18:00Z,2026-09-13T04:18:00Z,420.0,,1,,0.0,200.7,True,int8,0,,0.06,12,member3-baseline-tanh-s0-trace
R13-SITE-A,13,SITE-A,ESP32-A01,v1.12,RECEIVED,780,3,32,0.05,0.1046,0.0557,1.0,1.0,0.37803,0.37805,0.00294,0.00068425,297,,"{""NORMAL"": 300, ""PARTIAL_SHADING"": 300, ""DUST"": 60, ""OPEN_CIRCUIT"": 60, ""SHORT_CIRCUIT"": 60}",WIFI,0,0.42,2026-09-13T09:28:00Z,2026-09-13T09:28:00Z,2026-09-13T09:28:00Z,2026-09-13T11:00:00Z,2026-09-13T09:28:00Z,2026-09-13T09:28:00Z,0.0,,1,,0.0,200.7,True,int8,0,,0.26,13,member3-baseline-tanh-s0-trace
R13-SITE-B,13,SITE-B,ESP32-B01,v1.12,RECEIVED,360,3,32,0.05,0.0921,0.0512,1.0,1.0,0.25955,0.25964,0.00172,0.00040031,297,,"{""NORMAL"": 120, ""PARTIAL_SHADING"": 0, ""DUST"": 180, ""OPEN_CIRCUIT"": 60, ""SHORT_CIRCUIT"": 0}",WIFI,0,0.4,2026-09-13T06:30:00Z,2026-09-13T06:30:00Z,2026-09-13T06:30:00Z,2026-09-13T11:00:00Z,2026-09-13T06:30:00Z,2026-09-13T06:30:00Z,0.0,,1,,0.0,200.7,True,int8,0,,0.12,13,member3-baseline-tanh-s0-trace
R13-SITE-C,13,SITE-C,ESP32-C01,v1.12,RECEIVED,360,3,32,0.05,0.0613,0.0237,1.0,1.0,0.24605,0.246,0.001568,0.000356,297,,"{""NORMAL"": 60, ""PARTIAL_SHADING"": 0, ""DUST"": 0, ""OPEN_CIRCUIT"": 180, ""SHORT_CIRCUIT"": 120}",LORA,0,150.36,2026-09-13T08:07:00Z,2026-09-13T08:09:30Z,2026-09-13T08:07:00Z,2026-09-13T11:00:00Z,2026-09-13T08:07:00Z,2026-09-13T08:09:30Z,0.0,8.0,2,1.504,148.9,180.4,True,int8,0,,0.12,13,member3-baseline-tanh-s0-trace
R13-SITE-D,13,SITE-D,ESP32-D01,v1.12,RECEIVED,540,3,32,0.05,0.232,0.036,0.8889,1.0,0.57984,0.57987,0.006847,0.00154311,297,,"{""NORMAL"": 0, ""PARTIAL_SHADING"": 240, ""DUST"": 60, ""OPEN_CIRCUIT"": 0, ""SHORT_CIRCUIT"": 240}",LTE,0,1.92,2026-09-13T10:36:00Z,2026-09-13T10:36:01Z,2026-09-13T10:36:00Z,2026-09-13T11:00:00Z,2026-09-13T10:36:00Z,2026-09-13T10:36:01Z,0.0,,1,,0.0,2134.2,True,int8,0,,0.18,13,member3-baseline-tanh-s0-trace
R13-SITE-E,13,SITE-E,ESP32-E01,v1.12,RECEIVED,780,3,32,0.05,0.0481,0.0281,1.0,1.0,0.26743,0.26731,0.002964,0.00067502,297,,"{""NORMAL"": 120, ""PARTIAL_SHADING"": 60, ""DUST"": 240, ""OPEN_CIRCUIT"": 180, ""SHORT_CIRCUIT"": 180}",LORA,2,522.26,2026-09-13T09:07:00Z,2026-09-13T09:15:42Z,2026-09-13T09:07:00Z,2026-09-13T11:00:00Z,2026-09-13T09:07:00Z,2026-09-13T09:15:42Z,0.0,10.0,6,5.223,517.0,626.7,True,int8,0,,0.26,13,member3-baseline-tanh-s0-trace
R13-SITE-F,13,SITE-F,ESP32-F01,v1.12,RECEIVED,180,3,32,0.05,0.1696,0.0368,1.0,1.0,0.31501,0.3152,0.001929,0.00042597,297,,"{""NORMAL"": 0, ""PARTIAL_SHADING"": 0, ""DUST"": 60, ""OPEN_CIRCUIT"": 120, ""SHORT_CIRCUIT"": 0}",WIFI,0,0.48,2026-09-13T07:56:00Z,2026-09-13T07:56:00Z,2026-09-13T07:56:00Z,2026-09-13T11:00:00Z,2026-09-13T07:56:00Z,2026-09-13T07:56:00Z,0.0,,1,,0.0,200.7,True,int8,0,,0.06,13,member3-baseline-tanh-s0-trace
R14-SITE-A,14,SITE-A,ESP32-A01,v1.13,RECEIVED,780,3,32,0.05,0.0956,0.0507,1.0,1.0,0.36227,0.36222,0.002833,0.00064089,297,,"{""NORMAL"": 300, ""PARTIAL_SHADING"": 300, ""DUST"": 60, ""OPEN_CIRCUIT"": 60, ""SHORT_CIRCUIT"": 60}",WIFI,0,0.4,2026-09-13T13:23:00Z,2026-09-13T13:23:00Z,2026-09-13T13:23:00Z,2026-09-13T17:00:00Z,2026-09-13T13:23:00Z,2026-09-13T13:23:00Z,0.0,,1,,0.0,200.7,True,int8,0,,0.26,14,member3-baseline-tanh-s0-trace
R14-SITE-B,14,SITE-B,ESP32-B01,v1.13,RECEIVED,360,3,32,0.05,0.0835,0.0473,1.0,1.0,0.24487,0.24472,0.001675,0.00038276,297,,"{""NORMAL"": 120, ""PARTIAL_SHADING"": 0, ""DUST"": 180, ""OPEN_CIRCUIT"": 60, ""SHORT_CIRCUIT"": 0}",WIFI,0,0.39,2026-09-13T12:34:00Z,2026-09-13T12:34:00Z,2026-09-13T12:34:00Z,2026-09-13T17:00:00Z,2026-09-13T12:34:00Z,2026-09-13T12:34:00Z,0.0,,1,,0.0,200.7,True,int8,0,,0.12,14,member3-baseline-tanh-s0-trace
R14-SITE-C,14,SITE-C,ESP32-C01,v1.13,RECEIVED,360,3,32,0.05,0.0541,0.022,1.0,1.0,0.22769,0.22758,0.001431,0.00033683,297,,"{""NORMAL"": 60, ""PARTIAL_SHADING"": 0, ""DUST"": 0, ""OPEN_CIRCUIT"": 180, ""SHORT_CIRCUIT"": 120}",LORA,0,85.9,2026-09-13T13:34:00Z,2026-09-13T13:35:25Z,2026-09-13T13:34:00Z,2026-09-13T17:00:00Z,2026-09-13T13:34:00Z,2026-09-13T13:35:25Z,0.0,7.0,2,0.859,85.0,103.1,True,int8,0,,0.12,14,member3-baseline-tanh-s0-trace
R14-SITE-D,14,SITE-D,ESP32-D01,v1.13,RECEIVED,540,3,32,0.05,0.2202,0.0339,0.8889,1.0,0.56052,0.56099,0.006701,0.00149855,297,,"{""NORMAL"": 0, ""PARTIAL_SHADING"": 240, ""DUST"": 60, ""OPEN_CIRCUIT"": 0, ""SHORT_CIRCUIT"": 240}",LTE,0,1.89,2026-09-13T16:04:00Z,2026-09-13T16:04:01Z,2026-09-13T16:04:00Z,2026-09-13T17:00:00Z,2026-09-13T16:04:00Z,2026-09-13T16:04:01Z,0.0,,1,,0.0,2134.2,True,int8,0,,0.18,14,member3-baseline-tanh-s0-trace
R14-SITE-E,14,SITE-E,ESP32-E01,v1.13,RECEIVED,780,3,32,0.05,0.0431,0.0257,1.0,1.0,0.24988,0.24959,0.002807,0.00063679,297,,"{""NORMAL"": 120, ""PARTIAL_SHADING"": 60, ""DUST"": 240, ""OPEN_CIRCUIT"": 180, ""SHORT_CIRCUIT"": 180}",LORA,0,218.15,2026-09-13T13:57:00Z,2026-09-13T14:00:38Z,2026-09-13T13:57:00Z,2026-09-13T17:00:00Z,2026-09-13T13:57:00Z,2026-09-13T14:00:38Z,0.0,9.0,3,2.182,216.0,261.8,True,int8,0,,0.26,14,member3-baseline-tanh-s0-trace
R14-SITE-F,14,SITE-F,ESP32-F01,v1.13,RECEIVED,180,3,32,0.05,0.151,0.0345,1.0,1.0,0.29744,0.29722,0.00179,0.00039725,297,,"{""NORMAL"": 0, ""PARTIAL_SHADING"": 0, ""DUST"": 60, ""OPEN_CIRCUIT"": 120, ""SHORT_CIRCUIT"": 0}",WIFI,0,0.4,2026-09-13T16:41:00Z,2026-09-13T16:41:00Z,2026-09-13T16:41:00Z,2026-09-13T17:00:00Z,2026-09-13T16:41:00Z,2026-09-13T16:41:00Z,0.0,,1,,0.0,200.7,True,int8,0,,0.06,14,member3-baseline-tanh-s0-trace
R15-SITE-A,15,SITE-A,ESP32-A01,v1.14,RECEIVED,780,3,32,0.05,0.0873,0.0464,1.0,1.0,0.34641,0.34623,0.002789,0.00061514,297,,"{""NORMAL"": 300, ""PARTIAL_SHADING"": 300, ""DUST"": 60, ""OPEN_CIRCUIT"": 60, ""SHORT_CIRCUIT"": 60}",WIFI,0,0.4,2026-09-13T22:11:00Z,2026-09-13T22:11:00Z,2026-09-13T22:11:00Z,2026-09-13T23:00:00Z,2026-09-13T22:11:00Z,2026-09-13T22:11:00Z,0.0,,1,,0.0,200.7,True,int8,0,,0.351351,15,member3-baseline-tanh-s0-trace
R15-SITE-B,15,SITE-B,ESP32-B01,v1.14,RECEIVED,360,3,32,0.05,0.0764,0.0438,1.0,1.0,0.23385,0.23363,0.00159,0.00036615,297,,"{""NORMAL"": 120, ""PARTIAL_SHADING"": 0, ""DUST"": 180, ""OPEN_CIRCUIT"": 60, ""SHORT_CIRCUIT"": 0}",WIFI,0,0.38,2026-09-13T18:58:00Z,2026-09-13T18:58:00Z,2026-09-13T18:58:00Z,2026-09-13T23:00:00Z,2026-09-13T18:58:00Z,2026-09-13T18:58:00Z,0.0,,1,,0.0,200.7,True,int8,0,,0.162162,15,member3-baseline-tanh-s0-trace
R15-SITE-C,15,SITE-C,ESP32-C01,v1.14,RECEIVED,360,3,32,0.05,0.0485,0.0206,1.0,1.0,0.21268,0.21262,0.001363,0.00032186,297,,"{""NORMAL"": 60, ""PARTIAL_SHADING"": 0, ""DUST"": 0, ""OPEN_CIRCUIT"": 180, ""SHORT_CIRCUIT"": 120}",LORA,0,85.9,2026-09-13T21:08:00Z,2026-09-13T21:09:25Z,2026-09-13T21:08:00Z,2026-09-13T23:00:00Z,2026-09-13T21:08:00Z,2026-09-13T21:09:25Z,0.0,7.0,2,0.859,85.0,103.1,True,int8,0,,0.162162,15,member3-baseline-tanh-s0-trace
R15-SITE-D,15,SITE-D,ESP32-D01,v1.14,RECEIVED,540,3,32,0.05,0.2107,0.032,0.8889,1.0,0.54453,0.54491,0.006488,0.00145954,297,,"{""NORMAL"": 0, ""PARTIAL_SHADING"": 240, ""DUST"": 60, ""OPEN_CIRCUIT"": 0, ""SHORT_CIRCUIT"": 240}",LTE,0,2.2,2026-09-13T19:41:00Z,2026-09-13T19:41:02Z,2026-09-13T19:41:00Z,2026-09-13T23:00:00Z,2026-09-13T19:41:00Z,2026-09-13T19:41:02Z,0.0,,1,,0.0,2134.2,True,int8,0,,0.243243,15,member3-baseline-tanh-s0-trace
R15-SITE-E,15,SITE-E,ESP32-E01,v1.14,FAILED,780,3,32,0.05,0.0389,0.0237,1.0,1.0,0.23471,0.23466,0.002725,0.00061313,297,,"{""NORMAL"": 120, ""PARTIAL_SHADING"": 60, ""DUST"": 240, ""OPEN_CIRCUIT"": 180, ""SHORT_CIRCUIT"": 180}",LORA,3,587.54,2026-09-13T18:16:00Z,,2026-09-13T18:16:00Z,2026-09-13T23:00:00Z,2026-09-13T18:16:00Z,2026-09-13T18:25:47Z,0.0,10.0,6,5.875,581.7,705.1,False,int8,,,0.0,,member3-baseline-tanh-s0-trace
R15-SITE-F,15,SITE-F,ESP32-F01,v1.14,RECEIVED,180,3,32,0.05,0.138,0.0328,1.0,1.0,0.28238,0.28249,0.00155,0.00037357,297,,"{""NORMAL"": 0, ""PARTIAL_SHADING"": 0, ""DUST"": 60, ""OPEN_CIRCUIT"": 120, ""SHORT_CIRCUIT"": 0}",WIFI,0,0.47,2026-09-13T19:58:00Z,2026-09-13T19:58:00Z,2026-09-13T19:58:00Z,2026-09-13T23:00:00Z,2026-09-13T19:58:00Z,2026-09-13T19:58:00Z,0.0,,1,,0.0,200.7,True,int8,0,,0.081081,15,member3-baseline-tanh-s0-trace
R16-SITE-A,16,SITE-A,ESP32-A01,v1.15,RECEIVED,780,3,32,0.05,0.0794,0.0421,1.0,1.0,0.32491,0.32494,0.002089,0.00050372,297,,"{""NORMAL"": 300, ""PARTIAL_SHADING"": 300, ""DUST"": 60, ""OPEN_CIRCUIT"": 60, ""SHORT_CIRCUIT"": 60}",WIFI,0,0.38,2026-09-14T04:10:00Z,2026-09-14T04:10:00Z,2026-09-14T04:10:00Z,2026-09-14T05:00:00Z,2026-09-14T04:10:00Z,2026-09-14T04:10:00Z,0.0,,1,,0.0,200.7,True,int8,0,,0.26,16,member3-baseline-tanh-s0-trace
R16-SITE-B,16,SITE-B,ESP32-B01,v1.15,RECEIVED,360,3,32,0.05,0.0795,0.0424,1.0,1.0,0.24767,0.24765,0.001828,0.0004207,297,,"{""NORMAL"": 120, ""PARTIAL_SHADING"": 0, ""DUST"": 180, ""OPEN_CIRCUIT"": 60, ""SHORT_CIRCUIT"": 0}",WIFI,0,0.4,2026-09-14T03:15:00Z,2026-09-14T03:15:00Z,2026-09-14T03:15:00Z,2026-09-14T05:00:00Z,2026-09-14T03:15:00Z,2026-09-14T03:15:00Z,0.0,,1,,0.0,200.7,True,int8,0,,0.12,16,member3-baseline-tanh-s0-trace
R16-SITE-C,16,SITE-C,ESP32-C01,v1.15,RECEIVED,360,3,32,0.05,0.0527,0.0205,1.0,1.0,0.22416,0.22402,0.001587,0.00037225,297,,"{""NORMAL"": 60, ""PARTIAL_SHADING"": 0, ""DUST"": 0, ""OPEN_CIRCUIT"": 180, ""SHORT_CIRCUIT"": 120}",LORA,0,150.36,2026-09-14T03:10:00Z,2026-09-14T03:12:30Z,2026-09-14T03:10:00Z,2026-09-14T05:00:00Z,2026-09-14T03:10:00Z,2026-09-14T03:12:30Z,0.0,8.0,2,1.504,148.9,180.4,True,int8,0,,0.12,16,member3-baseline-tanh-s0-trace
R16-SITE-D,16,SITE-D,ESP32-D01,v1.15,RECEIVED,540,3,32,0.05,0.1697,0.0291,0.8889,1.0,0.48781,0.48787,0.005471,0.00127238,297,,"{""NORMAL"": 0, ""PARTIAL_SHADING"": 240, ""DUST"": 60, ""OPEN_CIRCUIT"": 0, ""SHORT_CIRCUIT"": 240}",LTE,0,1.94,2026-09-14T02:15:00Z,2026-09-14T02:15:01Z,2026-09-14T02:15:00Z,2026-09-14T05:00:00Z,2026-09-14T02:15:00Z,2026-09-14T02:15:01Z,0.0,,1,,0.0,2134.2,True,int8,0,,0.18,16,member3-baseline-tanh-s0-trace
R16-SITE-E,16,SITE-E,ESP32-E01,v1.15,RECEIVED,780,3,32,0.05,0.042,0.0234,1.0,1.0,0.25711,0.25696,0.003143,0.00070822,297,,"{""NORMAL"": 120, ""PARTIAL_SHADING"": 60, ""DUST"": 240, ""OPEN_CIRCUIT"": 180, ""SHORT_CIRCUIT"": 180}",LORA,1,456.98,2026-09-14T01:17:00Z,2026-09-14T01:24:36Z,2026-09-14T01:17:00Z,2026-09-14T05:00:00Z,2026-09-14T01:17:00Z,2026-09-14T01:24:36Z,0.0,10.0,6,4.57,452.4,548.4,True,int8,0,,0.26,16,member3-baseline-tanh-s0-trace
R16-SITE-F,16,SITE-F,ESP32-F01,v1.15,RECEIVED,180,3,32,0.05,0.1328,0.0324,1.0,1.0,0.27856,0.27859,0.001649,0.00037737,297,,"{""NORMAL"": 0, ""PARTIAL_SHADING"": 0, ""DUST"": 60, ""OPEN_CIRCUIT"": 120, ""SHORT_CIRCUIT"": 0}",WIFI,0,0.41,2026-09-14T00:19:00Z,2026-09-14T00:19:00Z,2026-09-14T00:19:00Z,2026-09-14T05:00:00Z,2026-09-14T00:19:00Z,2026-09-14T00:19:00Z,0.0,,1,,0.0,200.7,True,int8,0,,0.06,16,member3-baseline-tanh-s0-trace
R17-SITE-A,17,SITE-A,ESP32-A01,v1.16,RECEIVED,780,3,32,0.05,0.0721,0.0388,1.0,1.0,0.31249,0.31258,0.002262,0.00053053,297,,"{""NORMAL"": 300, ""PARTIAL_SHADING"": 300, ""DUST"": 60, ""OPEN_CIRCUIT"": 60, ""SHORT_CIRCUIT"": 60}",WIFI,0,0.41,2026-09-14T06:09:00Z,2026-09-14T06:09:00Z,2026-09-14T06:09:00Z,2026-09-14T11:00:00Z,2026-09-14T06:09:00Z,2026-09-14T06:09:00Z,0.0,,1,,0.0,200.7,True,int8,0,,0.276596,17,member3-baseline-tanh-s0-trace
R17-SITE-B,17,SITE-B,ESP32-B01,v1.16,RECEIVED,360,3,32,0.05,0.0683,0.0389,1.0,1.0,0.22217,0.22222,0.001581,0.00036249,297,,"{""NORMAL"": 120, ""PARTIAL_SHADING"": 0, ""DUST"": 180, ""OPEN_CIRCUIT"": 60, ""SHORT_CIRCUIT"": 0}",WIFI,0,0.4,2026-09-14T08:28:00Z,2026-09-14T08:28:00Z,2026-09-14T08:28:00Z,2026-09-14T11:00:00Z,2026-09-14T08:28:00Z,2026-09-14T08:28:00Z,0.0,,1,,0.0,200.7,True,int8,0,,0.12766,17,member3-baseline-tanh-s0-trace
R17-SITE-C,17,SITE-C,ESP32-C01,v1.16,RECEIVED,360,3,32,0.05,0.0426,0.0185,1.0,1.0,0.19751,0.19742,0.001381,0.00031263,297,,"{""NORMAL"": 60, ""PARTIAL_SHADING"": 0, ""DUST"": 0, ""OPEN_CIRCUIT"": 180, ""SHORT_CIRCUIT"": 120}",LORA,0,150.36,2026-09-14T09:29:00Z,2026-09-14T09:31:30Z,2026-09-14T09:29:00Z,2026-09-14T11:00:00Z,2026-09-14T09:29:00Z,2026-09-14T09:31:30Z,0.0,8.0,2,1.504,148.9,180.4,True,int8,0,,0.12766,17,member3-baseline-tanh-s0-trace
R17-SITE-D,17,SITE-D,ESP32-D01,v1.16,RECEIVED,540,3,32,0.05,0.1809,0.0282,0.8889,1.0,0.4977,0.49783,0.005596,0.00131891,297,,"{""NORMAL"": 0, ""PARTIAL_SHADING"": 240, ""DUST"": 60, ""OPEN_CIRCUIT"": 0, ""SHORT_CIRCUIT"": 240}",LTE,0,1.97,2026-09-14T06:40:00Z,2026-09-14T06:40:01Z,2026-09-14T06:40:00Z,2026-09-14T11:00:00Z,2026-09-14T06:40:00Z,2026-09-14T06:40:01Z,0.0,,1,,0.0,2134.2,True,int8,0,,0.191489,17,member3-baseline-tanh-s0-trace
R17-SITE-E,17,SITE-E,ESP32-E01,v1.16,RECEIVED,780,3,32,0.05,0.0355,0.0213,1.0,1.0,0.22518,0.22524,0.002765,0.00061215,297,,"{""NORMAL"": 120, ""PARTIAL_SHADING"": 60, ""DUST"": 240, ""OPEN_CIRCUIT"": 180, ""SHORT_CIRCUIT"": 180}",LORA,0,218.15,2026-09-14T08:19:00Z,2026-09-14T08:22:38Z,2026-09-14T08:19:00Z,2026-09-14T11:00:00Z,2026-09-14T08:19:00Z,2026-09-14T08:22:38Z,0.0,9.0,3,2.182,216.0,261.8,True,int8,0,,0.276596,17,member3-baseline-tanh-s0-trace
R17-SITE-F,17,SITE-F,ESP32-F01,v1.16,FAILED,180,3,32,0.05,0.119,0.0303,1.0,1.0,0.26255,0.26259,0.001481,0.0003472,297,,"{""NORMAL"": 0, ""PARTIAL_SHADING"": 0, ""DUST"": 60, ""OPEN_CIRCUIT"": 120, ""SHORT_CIRCUIT"": 0}",WIFI,1,0.85,2026-09-14T08:17:00Z,,2026-09-14T08:17:00Z,2026-09-14T11:00:00Z,2026-09-14T08:17:00Z,2026-09-14T08:17:00Z,0.0,,1,,0.0,200.7,False,int8,,,0.0,,member3-baseline-tanh-s0-trace
R18-SITE-A,18,SITE-A,ESP32-A01,v1.17,RECEIVED,780,3,32,0.05,0.0651,0.0358,1.0,1.0,0.29613,0.29617,0.002244,0.00050899,297,,"{""NORMAL"": 300, ""PARTIAL_SHADING"": 300, ""DUST"": 60, ""OPEN_CIRCUIT"": 60, ""SHORT_CIRCUIT"": 60}",WIFI,0,0.4,2026-09-14T13:46:00Z,2026-09-14T13:46:00Z,2026-09-14T13:46:00Z,2026-09-14T17:00:00Z,2026-09-14T13:46:00Z,2026-09-14T13:46:00Z,0.0,,1,,0.0,200.7,True,int8,0,,0.26,18,member3-baseline-tanh-s0-trace
R18-SITE-B,18,SITE-B,ESP32-B01,v1.17,RECEIVED,360,3,32,0.05,0.0633,0.0363,1.0,1.0,0.20964,0.20972,0.001466,0.00033519,297,,"{""NORMAL"": 120, ""PARTIAL_SHADING"": 0, ""DUST"": 180, ""OPEN_CIRCUIT"": 60, ""SHORT_CIRCUIT"": 0}",WIFI,0,0.42,2026-09-14T14:12:00Z,2026-09-14T14:12:00Z,2026-09-14T14:12:00Z,2026-09-14T17:00:00Z,2026-09-14T14:12:00Z,2026-09-14T14:12:00Z,0.0,,1,,0.0,200.7,True,int8,0,,0.12,18,member3-baseline-tanh-s0-trace
R18-SITE-C,18,SITE-C,ESP32-C01,v1.17,RECEIVED,360,3,32,0.05,0.0395,0.0173,1.0,1.0,0.19046,0.19038,0.001227,0.00028575,297,,"{""NORMAL"": 60, ""PARTIAL_SHADING"": 0, ""DUST"": 0, ""OPEN_CIRCUIT"": 180, ""SHORT_CIRCUIT"": 120}",LORA,0,150.36,2026-09-14T15:36:00Z,2026-09-14T15:38:30Z,2026-09-14T15:36:00Z,2026-09-14T17:00:00Z,2026-09-14T15:36:00Z,2026-09-14T15:38:30Z,0.0,8.0,2,1.504,148.9,180.4,True,int8,0,,0.12,18,member3-baseline-tanh-s0-trace
R18-SITE-D,18,SITE-D,ESP32-D01,v1.17,RECEIVED,540,3,32,0.05,0.1803,0.0267,0.8889,1.0,0.49228,0.49218,0.005487,0.00130561,297,,"{""NORMAL"": 0, ""PARTIAL_SHADING"": 240, ""DUST"": 60, ""OPEN_CIRCUIT"": 0, ""SHORT_CIRCUIT"": 240}",LTE,0,1.97,2026-09-14T14:04:00Z,2026-09-14T14:04:01Z,2026-09-14T14:04:00Z,2026-09-14T17:00:00Z,2026-09-14T14:04:00Z,2026-09-14T14:04:01Z,0.0,,1,,0.0,2134.2,True,int8,0,,0.18,18,member3-baseline-tanh-s0-trace
R18-SITE-E,18,SITE-E,ESP32-E01,v1.17,RECEIVED,780,3,32,0.05,0.0319,0.0197,1.0,1.0,0.21003,0.21031,0.002561,0.00057496,297,,"{""NORMAL"": 120, ""PARTIAL_SHADING"": 60, ""DUST"": 240, ""OPEN_CIRCUIT"": 180, ""SHORT_CIRCUIT"": 180}",LORA,1,456.98,2026-09-14T15:59:00Z,2026-09-14T16:06:36Z,2026-09-14T15:59:00Z,2026-09-14T17:00:00Z,2026-09-14T15:59:00Z,2026-09-14T16:06:36Z,0.0,10.0,6,4.57,452.4,548.4,True,int8,0,,0.26,18,member3-baseline-tanh-s0-trace
R18-SITE-F,18,SITE-F,ESP32-F01,v1.17,RECEIVED,180,3,32,0.05,0.1202,0.0293,1.0,1.0,0.26363,0.26377,0.00155,0.00034166,297,,"{""NORMAL"": 0, ""PARTIAL_SHADING"": 0, ""DUST"": 60, ""OPEN_CIRCUIT"": 120, ""SHORT_CIRCUIT"": 0}",WIFI,1,1.11,2026-09-14T13:54:00Z,2026-09-14T13:54:01Z,2026-09-14T13:54:00Z,2026-09-14T17:00:00Z,2026-09-14T13:54:00Z,2026-09-14T13:54:01Z,0.0,,1,,0.0,200.7,True,int8,0,,0.06,18,member3-baseline-tanh-s0-trace
R19-SITE-A,19,SITE-A,ESP32-A01,v1.18,RECEIVED,780,3,32,0.05,0.0616,0.0334,1.0,1.0,0.29037,0.29028,0.00221,0.00049979,297,,"{""NORMAL"": 300, ""PARTIAL_SHADING"": 300, ""DUST"": 60, ""OPEN_CIRCUIT"": 60, ""SHORT_CIRCUIT"": 60}",WIFI,0,0.38,2026-09-14T18:20:00Z,2026-09-14T18:20:00Z,2026-09-14T18:20:00Z,2026-09-14T23:00:00Z,2026-09-14T18:20:00Z,2026-09-14T18:20:00Z,0.0,,1,,0.0,200.7,True,int8,0,,0.26,19,member3-baseline-tanh-s0-trace
R19-SITE-B,19,SITE-B,ESP32-B01,v1.18,RECEIVED,360,3,32,0.05,0.0578,0.0341,1.0,1.0,0.1972,0.19728,0.001368,0.00031866,297,,"{""NORMAL"": 120, ""PARTIAL_SHADING"": 0, ""DUST"": 180, ""OPEN_CIRCUIT"": 60, ""SHORT_CIRCUIT"": 0}",WIFI,0,0.39,2026-09-14T21:53:00Z,2026-09-14T21:53:00Z,2026-09-14T21:53:00Z,2026-09-14T23:00:00Z,2026-09-14T21:53:00Z,2026-09-14T21:53:00Z,0.0,,1,,0.0,200.7,True,int8,0,,0.12,19,member3-baseline-tanh-s0-trace
R19-SITE-C,19,SITE-C,ESP32-C01,v1.18,RECEIVED,360,3,32,0.05,0.0351,0.0163,1.0,1.0,0.17546,0.17553,0.001204,0.00026829,297,,"{""NORMAL"": 60, ""PARTIAL_SHADING"": 0, ""DUST"": 0, ""OPEN_CIRCUIT"": 180, ""SHORT_CIRCUIT"": 120}",LORA,0,85.9,2026-09-14T21:50:00Z,2026-09-14T21:51:25Z,2026-09-14T21:50:00Z,2026-09-14T23:00:00Z,2026-09-14T21:50:00Z,2026-09-14T21:51:25Z,0.0,7.0,2,0.859,85.0,103.1,True,int8,0,,0.12,19,member3-baseline-tanh-s0-trace
R19-SITE-D,19,SITE-D,ESP32-D01,v1.18,RECEIVED,540,3,32,0.05,0.1749,0.0257,0.8889,1.0,0.48351,0.48359,0.005445,0.00129185,297,,"{""NORMAL"": 0, ""PARTIAL_SHADING"": 240, ""DUST"": 60, ""OPEN_CIRCUIT"": 0, ""SHORT_CIRCUIT"": 240}",LTE,0,1.92,2026-09-14T21:44:00Z,2026-09-14T21:44:01Z,2026-09-14T21:44:00Z,2026-09-14T23:00:00Z,2026-09-14T21:44:00Z,2026-09-14T21:44:01Z,0.0,,1,,0.0,2134.2,True,int8,0,,0.18,19,member3-baseline-tanh-s0-trace
R19-SITE-E,19,SITE-E,ESP32-E01,v1.18,RECEIVED,780,3,32,0.05,0.0289,0.0183,1.0,1.0,0.19656,0.19647,0.002294,0.00053643,297,,"{""NORMAL"": 120, ""PARTIAL_SHADING"": 60, ""DUST"": 240, ""OPEN_CIRCUIT"": 180, ""SHORT_CIRCUIT"": 180}",LORA,3,587.54,2026-09-14T19:07:00Z,2026-09-14T19:16:47Z,2026-09-14T19:07:00Z,2026-09-14T23:00:00Z,2026-09-14T19:07:00Z,2026-09-14T19:16:47Z,0.0,10.0,6,5.875,581.7,705.1,True,int8,0,,0.26,19,member3-baseline-tanh-s0-trace
R19-SITE-F,19,SITE-F,ESP32-F01,v1.18,RECEIVED,180,3,32,0.05,0.1077,0.0277,1.0,1.0,0.25031,0.25021,0.001373,0.0003208,297,,"{""NORMAL"": 0, ""PARTIAL_SHADING"": 0, ""DUST"": 60, ""OPEN_CIRCUIT"": 120, ""SHORT_CIRCUIT"": 0}",WIFI,0,0.51,2026-09-14T19:07:00Z,2026-09-14T19:07:00Z,2026-09-14T19:07:00Z,2026-09-14T23:00:00Z,2026-09-14T19:07:00Z,2026-09-14T19:07:00Z,0.0,,1,,0.0,200.7,True,int8,0,,0.06,19,member3-baseline-tanh-s0-trace
R20-SITE-A,20,SITE-A,ESP32-A01,v1.19,RECEIVED,780,3,32,0.05,0.058,0.0311,1.0,1.0,0.28331,0.28328,0.002179,0.00049306,297,,"{""NORMAL"": 300, ""PARTIAL_SHADING"": 300, ""DUST"": 60, ""OPEN_CIRCUIT"": 60, ""SHORT_CIRCUIT"": 60}",WIFI,0,0.39,2026-09-15T03:41:00Z,2026-09-15T03:41:00Z,2026-09-15T03:41:00Z,2026-09-15T05:00:00Z,2026-09-15T03:41:00Z,2026-09-15T03:41:00Z,0.0,,1,,0.0,200.7,True,int8,0,,0.26,20,member3-baseline-tanh-s0-trace
R20-SITE-B,20,SITE-B,ESP32-B01,v1.19,RECEIVED,360,3,32,0.05,0.0537,0.0321,1.0,1.0,0.18993,0.19001,0.001379,0.00030942,297,,"{""NORMAL"": 120, ""PARTIAL_SHADING"": 0, ""DUST"": 180, ""OPEN_CIRCUIT"": 60, ""SHORT_CIRCUIT"": 0}",WIFI,0,0.4,2026-09-15T03:20:00Z,2026-09-15T03:20:00Z,2026-09-15T03:20:00Z,2026-09-15T05:00:00Z,2026-09-15T03:20:00Z,2026-09-15T03:20:00Z,0.0,,1,,0.0,200.7,True,int8,0,,0.12,20,member3-baseline-tanh-s0-trace
R20-SITE-C,20,SITE-C,ESP32-C01,v1.19,RECEIVED,360,3,32,0.05,0.0319,0.0153,1.0,1.0,0.16649,0.16673,0.001133,0.00025342,297,,"{""NORMAL"": 60, ""PARTIAL_SHADING"": 0, ""DUST"": 0, ""OPEN_CIRCUIT"": 180, ""SHORT_CIRCUIT"": 120}",LORA,0,85.9,2026-09-15T01:43:00Z,2026-09-15T01:44:25Z,2026-09-15T01:43:00Z,2026-09-15T05:00:00Z,2026-09-15T01:43:00Z,2026-09-15T01:44:25Z,0.0,7.0,2,0.859,85.0,103.1,True,int8,0,,0.12,20,member3-baseline-tanh-s0-trace
R20-SITE-D,20,SITE-D,ESP32-D01,v1.19,RECEIVED,540,3,32,0.05,0.1695,0.0247,0.8889,1.0,0.47266,0.47287,0.005197,0.00126413,297,,"{""NORMAL"": 0, ""PARTIAL_SHADING"": 240, ""DUST"": 60, ""OPEN_CIRCUIT"": 0, ""SHORT_CIRCUIT"": 240}",LTE,0,1.9,2026-09-15T02:14:00Z,2026-09-15T02:14:01Z,2026-09-15T02:14:00Z,2026-09-15T05:00:00Z,2026-09-15T02:14:00Z,2026-09-15T02:14:01Z,0.0,,1,,0.0,2134.2,True,int8,0,,0.18,20,member3-baseline-tanh-s0-trace
R20-SITE-E,20,SITE-E,ESP32-E01,v1.19,RECEIVED,780,3,32,0.05,0.0266,0.0173,1.0,1.0,0.18363,0.18361,0.002186,0.00050471,297,,"{""NORMAL"": 120, ""PARTIAL_SHADING"": 60, ""DUST"": 240, ""OPEN_CIRCUIT"": 180, ""SHORT_CIRCUIT"": 180}",LORA,0,218.15,2026-09-15T01:49:00Z,2026-09-15T01:52:38Z,2026-09-15T01:49:00Z,2026-09-15T05:00:00Z,2026-09-15T01:49:00Z,2026-09-15T01:52:38Z,0.0,9.0,3,2.182,216.0,261.8,True,int8,0,,0.26,20,member3-baseline-tanh-s0-trace
R20-SITE-F,20,SITE-F,ESP32-F01,v1.19,RECEIVED,180,3,32,0.05,0.099,0.0265,1.0,1.0,0.23866,0.23883,0.00131,0.00030655,297,,"{""NORMAL"": 0, ""PARTIAL_SHADING"": 0, ""DUST"": 60, ""OPEN_CIRCUIT"": 120, ""SHORT_CIRCUIT"": 0}",WIFI,0,0.42,2026-09-15T03:35:00Z,2026-09-15T03:35:00Z,2026-09-15T03:35:00Z,2026-09-15T05:00:00Z,2026-09-15T03:35:00Z,2026-09-15T03:35:00Z,0.0,,1,,0.0,200.7,True,int8,0,,0.06,20,member3-baseline-tanh-s0-trace
