round_id,global_model_version,aggregation,clients_selected,clients_received,total_samples,global_val_loss,global_val_accuracy,mean_update_l2_norm,published_at_utc,model_size_int8_bytes,clients_late,clients_failed,compression_method,model_path,run_id
0,v1.0,init,0,0,0,1.6632,0.182,0.0,2026-09-10T00:00:00Z,229,0,0,protocol_aware,models/runs/member3-full-tanh-s0-trace/global_v1.0.json,member3-full-tanh-s0-trace
1,v1.1,RelAsync,6,6,3000,1.0105,0.7023,1.55253,2026-09-10T10:11:00Z,229,0,0,protocol_aware,models/runs/member3-full-tanh-s0-trace/global_v1.1.json,member3-full-tanh-s0-trace
2,v1.2,RelAsync,6,5,2820,0.7136,0.7713,1.22712,2026-09-10T17:00:00Z,229,0,1,protocol_aware,models/runs/member3-full-tanh-s0-trace/global_v1.2.json,member3-full-tanh-s0-trace
3,v1.3,RelAsync,6,6,3000,0.5466,0.8263,0.98438,2026-09-10T22:24:02Z,229,0,0,protocol_aware,models/runs/member3-full-tanh-s0-trace/global_v1.3.json,member3-full-tanh-s0-trace
4,v1.4,RelAsync,6,6,3000,0.4475,0.844,0.87018,2026-09-11T04:17:25Z,229,0,0,protocol_aware,models/runs/member3-full-tanh-s0-trace/global_v1.4.json,member3-full-tanh-s0-trace
5,v1.5,RelAsync,6,6,3000,0.3888,0.853,0.76707,2026-09-11T10:32:38Z,229,0,0,protocol_aware,models/runs/member3-full-tanh-s0-trace/global_v1.5.json,member3-full-tanh-s0-trace
6,v1.6,RelAsync,6,5,2640,0.3383,0.8713,0.72321,2026-09-11T17:00:00Z,229,0,1,protocol_aware,models/runs/member3-full-tanh-s0-trace/global_v1.6.json,member3-full-tanh-s0-trace
7,v1.7,RelAsync,6,6,3000,0.29,0.9157,0.60388,2026-09-11T22:26:00Z,229,0,0,protocol_aware,models/runs/member3-full-tanh-s0-trace/global_v1.7.json,member3-full-tanh-s0-trace
8,v1.8,RelAsync,5,5,2220,0.2728,0.955,0.4664,2026-09-12T04:37:00Z,229,0,0,protocol_aware,models/runs/member3-full-tanh-s0-trace/global_v1.8.json,member3-full-tanh-s0-trace
9,v1.9,RelAsync,6,6,3000,0.2419,0.9153,0.56751,2026-09-12T09:48:01Z,229,0,0,protocol_aware,models/runs/member3-full-tanh-s0-trace/global_v1.9.json,member3-full-tanh-s0-trace
10,v1.10,RelAsync,6,5,2820,0.2316,0.9293,0.38644,2026-09-12T17:00:00Z,229,1,0,protocol_aware,models/runs/member3-full-tanh-s0-trace/global_v1.10.json,member3-full-tanh-s0-trace
11,v1.11,RelAsync,4,3,1860,0.2225,0.958,0.4108,2026-09-12T23:00:00Z,229,0,1,protocol_aware,models/runs/member3-full-tanh-s0-trace/global_v1.11.json,member3-full-tanh-s0-trace
12,v1.12,RelAsync,6,6,3000,0.2105,0.9513,0.39504,2026-09-13T04:18:00Z,229,0,0,protocol_aware,models/runs/member3-full-tanh-s0-trace/global_v1.12.json,member3-full-tanh-s0-trace
13,v1.13,RelAsync,6,6,3000,0.2005,0.952,0.3312,2026-09-13T10:36:01Z,229,0,0,protocol_aware,models/runs/member3-full-tanh-s0-trace/global_v1.13.json,member3-full-tanh-s0-trace
14,v1.14,RelAsync,6,6,3000,0.1944,0.943,0.33469,2026-09-13T16:41:00Z,229,0,0,protocol_aware,models/runs/member3-full-tanh-s0-trace/global_v1.14.json,member3-full-tanh-s0-trace
15,v1.15,RelAsync,6,5,2220,0.1818,0.9593,0.31575,2026-09-13T23:00:00Z,229,0,1,protocol_aware,models/runs/member3-full-tanh-s0-trace/global_v1.15.json,member3-full-tanh-s0-trace
16,v1.16,RelAsync,6,6,3000,0.1804,0.959,0.29449,2026-09-14T04:10:00Z,229,0,0,protocol_aware,models/runs/member3-full-tanh-s0-trace/global_v1.16.json,member3-full-tanh-s0-trace
17,v1.17,RelAsync,6,5,2820,0.1796,0.9477,0.32152,2026-09-14T11:00:00Z,229,0,1,protocol_aware,models/runs/member3-full-tanh-s0-trace/global_v1.17.json,member3-full-tanh-s0-trace
18,v1.18,RelAsync,6,6,3000,0.1703,0.9573,0.26471,2026-09-14T16:03:27Z,229,0,0,protocol_aware,models/runs/member3-full-tanh-s0-trace/global_v1.18.json,member3-full-tanh-s0-trace
19,v1.19,RelAsync,6,6,3000,0.1657,0.9597,0.259,2026-09-14T21:53:00Z,229,0,0,protocol_aware,models/runs/member3-full-tanh-s0-trace/global_v1.19.json,member3-full-tanh-s0-trace
20,v1.20,RelAsync,6,6,3000,0.1626,0.9573,0.27271,2026-09-15T03:41:00Z,229,0,0,protocol_aware,models/runs/member3-full-tanh-s0-trace/global_v1.20.json,member3-full-tanh-s0-trace
