round_id,site_id,device_id,protocol,round_opened_utc,reliability,expected_upload_s,age,participation,selected,run_id
1,SITE-A,ESP32-A01,WIFI,2026-09-10T06:00:00Z,0.8314,2.0,0,1,1,member3-full-tanh-s0-harsh
1,SITE-B,ESP32-B01,WIFI,2026-09-10T06:00:00Z,0.8276,2.0,0,1,1,member3-full-tanh-s0-harsh
1,SITE-C,ESP32-C01,LORA,2026-09-10T06:00:00Z,0.832,150.4,0,1,1,member3-full-tanh-s0-harsh
1,SITE-D,ESP32-D01,LTE,2026-09-10T06:00:00Z,0.8288,2.0,0,1,1,member3-full-tanh-s0-harsh
1,SITE-E,ESP32-E01,LORA,2026-09-10T06:00:00Z,0.4306,200.3,1,0,0,member3-full-tanh-s0-harsh
1,SITE-F,ESP32-F01,WIFI,2026-09-10T06:00:00Z,0.4567,2.0,1,0,0,member3-full-tanh-s0-harsh
2,SITE-A,ESP32-A01,WIFI,2026-09-10T12:00:00Z,0.8738,2.0,0,2,1,member3-full-tanh-s0-harsh
2,SITE-B,ESP32-B01,WIFI,2026-09-10T12:00:00Z,0.8753,2.0,0,2,1,member3-full-tanh-s0-harsh
2,SITE-C,ESP32-C01,LORA,2026-09-10T12:00:00Z,0.8817,85.9,0,2,1,member3-full-tanh-s0-harsh
2,SITE-D,ESP32-D01,LTE,2026-09-10T12:00:00Z,0.8623,2.0,0,2,1,member3-full-tanh-s0-harsh
2,SITE-E,ESP32-E01,LORA,2026-09-10T12:00:00Z,0.35,6145.6,2,0,0,member3-full-tanh-s0-harsh
2,SITE-F,ESP32-F01,WIFI,2026-09-10T12:00:00Z,0.7044,2.0,0,1,1,member3-full-tanh-s0-harsh
3,SITE-A,ESP32-A01,WIFI,2026-09-10T18:00:00Z,0.9078,2.0,0,3,1,member3-full-tanh-s0-harsh
3,SITE-B,ESP32-B01,WIFI,2026-09-10T18:00:00Z,0.4265,985.3,1,2,0,member3-full-tanh-s0-harsh
3,SITE-C,ESP32-C01,LORA,2026-09-10T18:00:00Z,0.4265,5450.0,1,2,0,member3-full-tanh-s0-harsh
3,SITE-D,ESP32-D01,LTE,2026-09-10T18:00:00Z,0.4991,2.0,1,2,0,member3-full-tanh-s0-harsh
3,SITE-E,ESP32-E01,LORA,2026-09-10T18:00:00Z,0.7864,200.3,0,1,1,member3-full-tanh-s0-harsh
3,SITE-F,ESP32-F01,WIFI,2026-09-10T18:00:00Z,0.8536,2.0,0,2,1,member3-full-tanh-s0-harsh
4,SITE-A,ESP32-A01,WIFI,2026-09-11T00:00:00Z,0.4486,5235.7,1,3,0,member3-full-tanh-s0-harsh
4,SITE-B,ESP32-B01,WIFI,2026-09-11T00:00:00Z,0.9022,2.0,0,3,1,member3-full-tanh-s0-harsh
4,SITE-C,ESP32-C01,LORA,2026-09-11T00:00:00Z,0.8897,85.9,0,3,1,member3-full-tanh-s0-harsh
4,SITE-D,ESP32-D01,LTE,2026-09-11T00:00:00Z,0.2765,5203.6,2,2,0,member3-full-tanh-s0-harsh
4,SITE-E,ESP32-E01,LORA,2026-09-11T00:00:00Z,0.4439,200.3,1,1,0,member3-full-tanh-s0-harsh
4,SITE-F,ESP32-F01,WIFI,2026-09-11T00:00:00Z,0.5001,2.0,0,3,1,member3-full-tanh-s0-harsh
5,SITE-A,ESP32-A01,WIFI,2026-09-11T06:00:00Z,0.9248,2.0,0,4,1,member3-full-tanh-s0-harsh
5,SITE-B,ESP32-B01,WIFI,2026-09-11T06:00:00Z,0.4486,9097.1,1,3,0,member3-full-tanh-s0-harsh
5,SITE-C,ESP32-C01,LORA,2026-09-11T06:00:00Z,0.9318,218.2,0,4,1,member3-full-tanh-s0-harsh
5,SITE-D,ESP32-D01,LTE,2026-09-11T06:00:00Z,0.7617,2.0,0,3,1,member3-full-tanh-s0-harsh
5,SITE-E,ESP32-E01,LORA,2026-09-11T06:00:00Z,0.3749,200.3,2,1,0,member3-full-tanh-s0-harsh
5,SITE-F,ESP32-F01,WIFI,2026-09-11T06:00:00Z,0.6136,2.0,0,4,1,member3-full-tanh-s0-harsh
6,SITE-A,ESP32-A01,WIFI,2026-09-11T12:00:00Z,0.464,6810.2,1,4,0,member3-full-tanh-s0-harsh
6,SITE-B,ESP32-B01,WIFI,2026-09-11T12:00:00Z,0.9297,2.0,0,4,1,member3-full-tanh-s0-harsh
6,SITE-C,ESP32-C01,LORA,2026-09-11T12:00:00Z,0.464,7314.5,1,4,0,member3-full-tanh-s0-harsh
6,SITE-D,ESP32-D01,LTE,2026-09-11T12:00:00Z,0.8241,2.0,0,4,1,member3-full-tanh-s0-harsh
6,SITE-E,ESP32-E01,LORA,2026-09-11T12:00:00Z,0.4156,200.3,3,1,0,member3-full-tanh-s0-harsh
6,SITE-F,ESP32-F01,WIFI,2026-09-11T12:00:00Z,0.9383,2.0,0,5,1,member3-full-tanh-s0-harsh
7,SITE-A,ESP32-A01,WIFI,2026-09-11T18:00:00Z,0.9443,2.0,0,5,1,member3-full-tanh-s0-harsh
7,SITE-B,ESP32-B01,WIFI,2026-09-11T18:00:00Z,0.9442,2.0,0,5,1,member3-full-tanh-s0-harsh
7,SITE-C,ESP32-C01,LORA,2026-09-11T18:00:00Z,0.464,5419.0,2,4,0,member3-full-tanh-s0-harsh
7,SITE-D,ESP32-D01,LTE,2026-09-11T18:00:00Z,0.7747,2.0,0,5,1,member3-full-tanh-s0-harsh
7,SITE-E,ESP32-E01,LORA,2026-09-11T18:00:00Z,0.6273,200.3,0,2,1,member3-full-tanh-s0-harsh
7,SITE-F,ESP32-F01,WIFI,2026-09-11T18:00:00Z,0.7501,2.0,0,6,1,member3-full-tanh-s0-harsh
8,SITE-A,ESP32-A01,WIFI,2026-09-12T00:00:00Z,0.9586,2.0,0,6,1,member3-full-tanh-s0-harsh
8,SITE-B,ESP32-B01,WIFI,2026-09-12T00:00:00Z,0.9577,2.0,0,6,1,member3-full-tanh-s0-harsh
8,SITE-C,ESP32-C01,LORA,2026-09-12T00:00:00Z,0.9506,150.4,0,5,1,member3-full-tanh-s0-harsh
8,SITE-D,ESP32-D01,LTE,2026-09-12T00:00:00Z,0.9113,2.0,0,6,1,member3-full-tanh-s0-harsh
8,SITE-E,ESP32-E01,LORA,2026-09-12T00:00:00Z,0.3215,16598.2,1,2,0,member3-full-tanh-s0-harsh
8,SITE-F,ESP32-F01,WIFI,2026-09-12T00:00:00Z,0.971,2.0,0,7,1,member3-full-tanh-s0-harsh
9,SITE-A,ESP32-A01,WIFI,2026-09-12T06:00:00Z,0.9609,2.0,0,7,1,member3-full-tanh-s0-harsh
9,SITE-B,ESP32-B01,WIFI,2026-09-12T06:00:00Z,0.3324,320.6,1,6,0,member3-full-tanh-s0-harsh
9,SITE-C,ESP32-C01,LORA,2026-09-12T06:00:00Z,0.9544,85.9,0,6,1,member3-full-tanh-s0-harsh
9,SITE-D,ESP32-D01,LTE,2026-09-12T06:00:00Z,0.4463,6728.2,1,6,0,member3-full-tanh-s0-harsh
9,SITE-E,ESP32-E01,LORA,2026-09-12T06:00:00Z,0.8014,150.4,0,3,1,member3-full-tanh-s0-harsh
9,SITE-F,ESP32-F01,WIFI,2026-09-12T06:00:00Z,0.9713,2.0,0,8,1,member3-full-tanh-s0-harsh
10,SITE-A,ESP32-A01,WIFI,2026-09-12T12:00:00Z,0.4876,6198.9,1,7,0,member3-full-tanh-s0-harsh
10,SITE-B,ESP32-B01,WIFI,2026-09-12T12:00:00Z,0.7889,2.0,0,7,1,member3-full-tanh-s0-harsh
10,SITE-C,ESP32-C01,LORA,2026-09-12T12:00:00Z,0.9444,150.4,0,7,1,member3-full-tanh-s0-harsh
10,SITE-D,ESP32-D01,LTE,2026-09-12T12:00:00Z,0.4463,1850.5,2,6,0,member3-full-tanh-s0-harsh
10,SITE-E,ESP32-E01,LORA,2026-09-12T12:00:00Z,0.225,2530.7,1,3,0,member3-full-tanh-s0-harsh
10,SITE-F,ESP32-F01,WIFI,2026-09-12T12:00:00Z,0.8036,2.0,0,9,1,member3-full-tanh-s0-harsh
11,SITE-A,ESP32-A01,WIFI,2026-09-12T18:00:00Z,0.4876,5252.6,0,8,1,member3-full-tanh-s0-harsh
11,SITE-B,ESP32-B01,WIFI,2026-09-12T18:00:00Z,0.2326,5771.2,1,7,0,member3-full-tanh-s0-harsh
11,SITE-C,ESP32-C01,LORA,2026-09-12T18:00:00Z,0.4876,1770.4,1,7,0,member3-full-tanh-s0-harsh
11,SITE-D,ESP32-D01,LTE,2026-09-12T18:00:00Z,0.9037,2.0,0,7,1,member3-full-tanh-s0-harsh
11,SITE-E,ESP32-E01,LORA,2026-09-12T18:00:00Z,0.225,6860.3,2,3,0,member3-full-tanh-s0-harsh
11,SITE-F,ESP32-F01,WIFI,2026-09-12T18:00:00Z,0.8312,2.0,0,10,1,member3-full-tanh-s0-harsh
12,SITE-A,ESP32-A01,WIFI,2026-09-13T00:00:00Z,0.4914,5308.5,1,8,0,member3-full-tanh-s0-harsh
12,SITE-B,ESP32-B01,WIFI,2026-09-13T00:00:00Z,0.6767,2.0,0,8,1,member3-full-tanh-s0-harsh
12,SITE-C,ESP32-C01,LORA,2026-09-13T00:00:00Z,0.9364,150.4,0,8,1,member3-full-tanh-s0-harsh
12,SITE-D,ESP32-D01,LTE,2026-09-13T00:00:00Z,0.905,2.0,0,8,1,member3-full-tanh-s0-harsh
12,SITE-E,ESP32-E01,LORA,2026-09-13T00:00:00Z,0.6058,218.2,0,4,1,member3-full-tanh-s0-harsh
12,SITE-F,ESP32-F01,WIFI,2026-09-13T00:00:00Z,0.8809,2.0,0,11,1,member3-full-tanh-s0-harsh
13,SITE-A,ESP32-A01,WIFI,2026-09-13T06:00:00Z,0.8508,2.0,0,9,1,member3-full-tanh-s0-harsh
13,SITE-B,ESP32-B01,WIFI,2026-09-13T06:00:00Z,0.5703,2.0,1,8,0,member3-full-tanh-s0-harsh
13,SITE-C,ESP32-C01,LORA,2026-09-13T06:00:00Z,0.4914,1894.4,1,8,0,member3-full-tanh-s0-harsh
13,SITE-D,ESP32-D01,LTE,2026-09-13T06:00:00Z,0.3237,7030.2,1,8,0,member3-full-tanh-s0-harsh
13,SITE-E,ESP32-E01,LORA,2026-09-13T06:00:00Z,0.7011,200.3,0,5,1,member3-full-tanh-s0-harsh
13,SITE-F,ESP32-F01,WIFI,2026-09-13T06:00:00Z,0.7079,2.0,0,12,1,member3-full-tanh-s0-harsh
14,SITE-A,ESP32-A01,WIFI,2026-09-13T12:00:00Z,0.6965,2.0,0,10,1,member3-full-tanh-s0-harsh
14,SITE-B,ESP32-B01,WIFI,2026-09-13T12:00:00Z,0.5506,2.0,2,8,0,member3-full-tanh-s0-harsh
14,SITE-C,ESP32-C01,LORA,2026-09-13T12:00:00Z,0.9056,85.9,0,9,1,member3-full-tanh-s0-harsh
14,SITE-D,ESP32-D01,LTE,2026-09-13T12:00:00Z,0.3237,9401.5,2,8,0,member3-full-tanh-s0-harsh
14,SITE-E,ESP32-E01,LORA,2026-09-13T12:00:00Z,0.7358,218.2,0,6,1,member3-full-tanh-s0-harsh
14,SITE-F,ESP32-F01,WIFI,2026-09-13T12:00:00Z,0.9332,2.0,0,13,1,member3-full-tanh-s0-harsh
15,SITE-A,ESP32-A01,WIFI,2026-09-13T18:00:00Z,0.7902,2.0,0,11,1,member3-full-tanh-s0-harsh
15,SITE-B,ESP32-B01,WIFI,2026-09-13T18:00:00Z,0.5705,2.0,3,8,0,member3-full-tanh-s0-harsh
15,SITE-C,ESP32-C01,LORA,2026-09-13T18:00:00Z,0.8679,85.9,0,10,1,member3-full-tanh-s0-harsh
15,SITE-D,ESP32-D01,LTE,2026-09-13T18:00:00Z,0.7737,2.0,0,9,1,member3-full-tanh-s0-harsh
15,SITE-E,ESP32-E01,LORA,2026-09-13T18:00:00Z,0.7393,200.3,0,7,1,member3-full-tanh-s0-harsh
15,SITE-F,ESP32-F01,WIFI,2026-09-13T18:00:00Z,0.9447,2.0,0,14,1,member3-full-tanh-s0-harsh
16,SITE-A,ESP32-A01,WIFI,2026-09-14T00:00:00Z,0.8448,2.0,0,12,1,member3-full-tanh-s0-harsh
16,SITE-B,ESP32-B01,WIFI,2026-09-14T00:00:00Z,0.5375,2.0,0,9,1,member3-full-tanh-s0-harsh
16,SITE-C,ESP32-C01,LORA,2026-09-14T00:00:00Z,0.9056,150.4,0,11,1,member3-full-tanh-s0-harsh
16,SITE-D,ESP32-D01,LTE,2026-09-14T00:00:00Z,0.3766,5050.8,1,9,0,member3-full-tanh-s0-harsh
16,SITE-E,ESP32-E01,LORA,2026-09-14T00:00:00Z,0.434,294.0,1,7,0,member3-full-tanh-s0-harsh
16,SITE-F,ESP32-F01,WIFI,2026-09-14T00:00:00Z,0.4813,381.6,1,14,0,member3-full-tanh-s0-harsh
17,SITE-A,ESP32-A01,WIFI,2026-09-14T06:00:00Z,0.8628,2.0,0,13,1,member3-full-tanh-s0-harsh
17,SITE-B,ESP32-B01,WIFI,2026-09-14T06:00:00Z,0.4978,2.0,1,9,0,member3-full-tanh-s0-harsh
17,SITE-C,ESP32-C01,LORA,2026-09-14T06:00:00Z,0.8673,150.4,0,12,1,member3-full-tanh-s0-harsh
17,SITE-D,ESP32-D01,LTE,2026-09-14T06:00:00Z,0.724,2.0,0,10,1,member3-full-tanh-s0-harsh
17,SITE-E,ESP32-E01,LORA,2026-09-14T06:00:00Z,0.8817,218.2,0,8,1,member3-full-tanh-s0-harsh
17,SITE-F,ESP32-F01,WIFI,2026-09-14T06:00:00Z,0.4813,9491.2,2,14,0,member3-full-tanh-s0-harsh
18,SITE-A,ESP32-A01,WIFI,2026-09-14T12:00:00Z,0.4625,5448.3,1,13,0,member3-full-tanh-s0-harsh
18,SITE-B,ESP32-B01,WIFI,2026-09-14T12:00:00Z,0.114,5056.0,2,9,0,member3-full-tanh-s0-harsh
18,SITE-C,ESP32-C01,LORA,2026-09-14T12:00:00Z,0.8848,150.4,0,13,1,member3-full-tanh-s0-harsh
18,SITE-D,ESP32-D01,LTE,2026-09-14T12:00:00Z,0.2636,2140.0,1,10,0,member3-full-tanh-s0-harsh
18,SITE-E,ESP32-E01,LORA,2026-09-14T12:00:00Z,0.8694,200.3,0,9,1,member3-full-tanh-s0-harsh
18,SITE-F,ESP32-F01,WIFI,2026-09-14T12:00:00Z,0.9054,2.0,0,15,1,member3-full-tanh-s0-harsh
19,SITE-A,ESP32-A01,WIFI,2026-09-14T18:00:00Z,0.8726,2.0,0,14,1,member3-full-tanh-s0-harsh
19,SITE-B,ESP32-B01,WIFI,2026-09-14T18:00:00Z,0.5202,2.0,3,9,0,member3-full-tanh-s0-harsh
19,SITE-C,ESP32-C01,LORA,2026-09-14T18:00:00Z,0.9485,85.9,0,14,1,member3-full-tanh-s0-harsh
19,SITE-D,ESP32-D01,LTE,2026-09-14T18:00:00Z,0.2636,8895.6,2,10,0,member3-full-tanh-s0-harsh
19,SITE-E,ESP32-E01,LORA,2026-09-14T18:00:00Z,0.907,200.3,0,10,1,member3-full-tanh-s0-harsh
19,SITE-F,ESP32-F01,WIFI,2026-09-14T18:00:00Z,0.9418,2.0,0,16,1,member3-full-tanh-s0-harsh
20,SITE-A,ESP32-A01,WIFI,2026-09-15T00:00:00Z,0.9015,2.0,0,15,1,member3-full-tanh-s0-harsh
20,SITE-B,ESP32-B01,WIFI,2026-09-15T00:00:00Z,0.114,7450.4,0,10,1,member3-full-tanh-s0-harsh
20,SITE-C,ESP32-C01,LORA,2026-09-15T00:00:00Z,0.8982,85.9,0,15,1,member3-full-tanh-s0-harsh
20,SITE-D,ESP32-D01,LTE,2026-09-15T00:00:00Z,0.6856,2.0,0,11,1,member3-full-tanh-s0-harsh
20,SITE-E,ESP32-E01,LORA,2026-09-15T00:00:00Z,0.9452,218.2,0,11,1,member3-full-tanh-s0-harsh
20,SITE-F,ESP32-F01,WIFI,2026-09-15T00:00:00Z,0.9823,2.0,0,17,1,member3-full-tanh-s0-harsh
