role,permission,allowed
ADMIN,view_live_dashboard,True
ADMIN,view_explanations,True
ADMIN,view_shap,True
ADMIN,acknowledge_alert,True
ADMIN,create_work_order,True
ADMIN,close_work_order,True
ADMIN,log_maintenance,True
ADMIN,edit_rule_thresholds,True
ADMIN,view_model_status,True
ADMIN,view_reports,True
ADMIN,export_reports,True
ADMIN,manage_users,True
ENGINEER,view_live_dashboard,True
ENGINEER,view_explanations,True
ENGINEER,view_shap,True
ENGINEER,acknowledge_alert,True
ENGINEER,create_work_order,True
ENGINEER,close_work_order,True
ENGINEER,log_maintenance,True
ENGINEER,edit_rule_thresholds,True
ENGINEER,view_model_status,True
ENGINEER,view_reports,True
ENGINEER,export_reports,False
ENGINEER,manage_users,False
MANAGER,view_live_dashboard,True
MANAGER,view_explanations,True
MANAGER,view_shap,False
MANAGER,acknowledge_alert,True
MANAGER,create_work_order,False
MANAGER,close_work_order,False
MANAGER,log_maintenance,False
MANAGER,edit_rule_thresholds,False
MANAGER,view_model_status,True
MANAGER,view_reports,True
MANAGER,export_reports,True
MANAGER,manage_users,False
