update_id,round_id,site_id,device_id,base_model_version,status,num_samples,local_epochs,batch_size,learning_rate,local_loss_before,local_loss_after,local_accuracy_before,local_accuracy_after,delta_l2_norm,float_delta_l2_norm,quantization_error_l2,delta_int8_scale,payload_bytes,train_time_ms,class_counts,protocol,retries,transfer_duration_s,sent_at_utc,received_at_utc
R01-SITE-A,1,SITE-A,ESP32-A01,v1.0,RECEIVED,480,3,32,0.05,1.6502,0.481,0.2188,1.0,1.45308,1.45381,0.017591,0.0040167,297,1833,"{""PARTIAL_SHADING"": 180, ""DUST"": 120, ""OPEN_CIRCUIT"": 60, ""SHORT_CIRCUIT"": 60, ""NORMAL"": 60}",WIFI,0,0.38,2026-09-10T08:37:00Z,2026-09-10T08:37:00Z
R01-SITE-B,1,SITE-B,ESP32-B01,v1.0,RECEIVED,360,3,32,0.05,1.3925,0.1346,0.2694,1.0,1.32749,1.32668,0.016688,0.00398766,297,1130,"{""DUST"": 120, ""OPEN_CIRCUIT"": 120, ""NORMAL"": 60, ""SHORT_CIRCUIT"": 60}",WIFI,0,0.39,2026-09-10T10:11:00Z,2026-09-10T10:11:00Z
R01-SITE-C,1,SITE-C,ESP32-C01,v1.0,RECEIVED,420,3,32,0.05,1.4663,0.097,0.4286,1.0,1.38786,1.38809,0.016965,0.00375955,297,1573,"{""OPEN_CIRCUIT"": 240, ""SHORT_CIRCUIT"": 120, ""DUST"": 60}",LORA,0,150.4,2026-09-10T08:31:00Z,2026-09-10T08:33:30Z
R01-SITE-D,1,SITE-D,ESP32-D01,v1.0,RECEIVED,240,3,32,0.05,1.8307,0.3217,0.0125,1.0,1.24257,1.2439,0.012906,0.00294477,297,1067,"{""NORMAL"": 120, ""DUST"": 60, ""PARTIAL_SHADING"": 60}",LTE,0,1.93,2026-09-10T06:45:00Z,2026-09-10T06:45:01Z
R01-SITE-E,1,SITE-E,ESP32-E01,v1.0,RECEIVED,480,3,32,0.05,1.8435,0.2403,0.3292,1.0,1.66742,1.66678,0.024429,0.00550139,297,1754,"{""PARTIAL_SHADING"": 240, ""NORMAL"": 120, ""SHORT_CIRCUIT"": 60, ""DUST"": 60}",LORA,0,391.84,2026-09-10T08:30:00Z,2026-09-10T08:36:31Z
R01-SITE-F,1,SITE-F,ESP32-F01,v1.0,RECEIVED,420,3,32,0.05,1.774,0.3609,0.1429,0.8571,1.48543,1.48648,0.014007,0.00329627,297,1192,"{""OPEN_CIRCUIT"": 120, ""PARTIAL_SHADING"": 120, ""SHORT_CIRCUIT"": 60, ""DUST"": 60, ""NORMAL"": 60}",WIFI,0,0.48,2026-09-10T07:38:00Z,2026-09-10T07:38:00Z
R02-SITE-A,2,SITE-A,ESP32-A01,v1.1,RECEIVED,480,3,32,0.05,0.8356,0.3555,0.75,1.0,0.97865,0.97741,0.010301,0.00226819,297,1899,"{""PARTIAL_SHADING"": 180, ""DUST"": 120, ""OPEN_CIRCUIT"": 60, ""SHORT_CIRCUIT"": 60, ""NORMAL"": 60}",WIFI,0,0.38,2026-09-10T16:03:00Z,2026-09-10T16:03:00Z
R02-SITE-B,2,SITE-B,ESP32-B01,v1.1,RECEIVED,360,3,32,0.05,0.4894,0.0809,1.0,1.0,0.78614,0.78609,0.008126,0.00187467,297,1400,"{""DUST"": 120, ""OPEN_CIRCUIT"": 120, ""NORMAL"": 60, ""SHORT_CIRCUIT"": 60}",WIFI,0,0.38,2026-09-10T16:36:00Z,2026-09-10T16:36:00Z
R02-SITE-C,2,SITE-C,ESP32-C01,v1.1,RECEIVED,420,3,32,0.05,0.6628,0.0523,0.8571,1.0,0.91838,0.91845,0.009322,0.00215158,297,1140,"{""OPEN_CIRCUIT"": 240, ""SHORT_CIRCUIT"": 120, ""DUST"": 60}",LORA,0,85.92,2026-09-10T15:18:00Z,2026-09-10T15:19:25Z
R02-SITE-D,2,SITE-D,ESP32-D01,v1.1,RECEIVED,240,3,32,0.05,1.0055,0.2154,0.5,1.0,0.92356,0.92324,0.01076,0.00245596,297,1136,"{""NORMAL"": 120, ""DUST"": 60, ""PARTIAL_SHADING"": 60}",LTE,0,1.92,2026-09-10T12:17:00Z,2026-09-10T12:17:01Z
R02-SITE-E,2,SITE-E,ESP32-E01,v1.1,RECEIVED,480,3,32,0.05,0.9574,0.1585,0.6125,1.0,1.18656,1.18589,0.01948,0.00444835,297,1877,"{""PARTIAL_SHADING"": 240, ""NORMAL"": 120, ""SHORT_CIRCUIT"": 60, ""DUST"": 60}",LORA,5,720.87,2026-09-10T16:13:00Z,2026-09-10T16:25:00Z
R02-SITE-F,2,SITE-F,ESP32-F01,v1.1,FAILED,420,3,32,0.05,0.792,0.258,0.7143,1.0,0.97852,0.97854,0.009772,0.00231423,297,1494,"{""OPEN_CIRCUIT"": 120, ""PARTIAL_SHADING"": 120, ""SHORT_CIRCUIT"": 60, ""DUST"": 60, ""NORMAL"": 60}",WIFI,1,0.85,2026-09-10T14:34:00Z,
R03-SITE-A,3,SITE-A,ESP32-A01,v1.2,RECEIVED,480,3,32,0.05,0.566,0.2728,0.75,1.0,0.78384,0.78281,0.008903,0.00203654,297,1823,"{""PARTIAL_SHADING"": 180, ""DUST"": 120, ""OPEN_CIRCUIT"": 60, ""SHORT_CIRCUIT"": 60, ""NORMAL"": 60}",WIFI,0,0.39,2026-09-10T19:47:00Z,2026-09-10T19:47:00Z
R03-SITE-B,3,SITE-B,ESP32-B01,v1.2,RECEIVED,360,3,32,0.05,0.2986,0.0562,1.0,1.0,0.58951,0.58964,0.005685,0.00123737,297,1026,"{""DUST"": 120, ""OPEN_CIRCUIT"": 120, ""NORMAL"": 60, ""SHORT_CIRCUIT"": 60}",WIFI,0,0.39,2026-09-10T21:27:00Z,2026-09-10T21:27:00Z
R03-SITE-C,3,SITE-C,ESP32-C01,v1.2,RECEIVED,420,3,32,0.05,0.4309,0.0375,0.8595,1.0,0.72649,0.7261,0.007631,0.00168316,297,1784,"{""OPEN_CIRCUIT"": 240, ""SHORT_CIRCUIT"": 120, ""DUST"": 60}",LORA,0,150.4,2026-09-10T21:06:00Z,2026-09-10T21:08:30Z
R03-SITE-D,3,SITE-D,ESP32-D01,v1.2,RECEIVED,240,3,32,0.05,0.7905,0.1654,0.7458,1.0,0.80151,0.80138,0.0091,0.00208611,297,919,"{""NORMAL"": 120, ""DUST"": 60, ""PARTIAL_SHADING"": 60}",LTE,0,2.19,2026-09-10T22:24:00Z,2026-09-10T22:24:02Z
R03-SITE-E,3,SITE-E,ESP32-E01,v1.2,RECEIVED,480,3,32,0.05,0.6081,0.1147,0.8125,1.0,0.92965,0.9309,0.016319,0.00356747,297,1750,"{""PARTIAL_SHADING"": 240, ""NORMAL"": 120, ""SHORT_CIRCUIT"": 60, ""DUST"": 60}",LORA,1,457.64,2026-09-10T21:12:00Z,2026-09-10T21:19:37Z
R03-SITE-F,3,SITE-F,ESP32-F01,v1.2,RECEIVED,420,3,32,0.05,0.6044,0.2047,0.7143,1.0,0.83353,0.83281,0.009237,0.00201823,297,1675,"{""OPEN_CIRCUIT"": 120, ""PARTIAL_SHADING"": 120, ""SHORT_CIRCUIT"": 60, ""DUST"": 60, ""NORMAL"": 60}",WIFI,0,0.48,2026-09-10T21:21:00Z,2026-09-10T21:21:00Z
R04-SITE-A,4,SITE-A,ESP32-A01,v1.3,RECEIVED,480,3,32,0.05,0.4339,0.2079,0.7667,1.0,0.68554,0.68556,0.007646,0.00169286,297,1353,"{""PARTIAL_SHADING"": 180, ""DUST"": 120, ""OPEN_CIRCUIT"": 60, ""SHORT_CIRCUIT"": 60, ""NORMAL"": 60}",WIFI,0,0.42,2026-09-11T03:44:00Z,2026-09-11T03:44:00Z
R04-SITE-B,4,SITE-B,ESP32-B01,v1.3,RECEIVED,360,3,32,0.05,0.2292,0.0423,1.0,1.0,0.50803,0.50743,0.005714,0.0012997,297,1558,"{""DUST"": 120, ""OPEN_CIRCUIT"": 120, ""NORMAL"": 60, ""SHORT_CIRCUIT"": 60}",WIFI,0,0.4,2026-09-11T03:59:00Z,2026-09-11T03:59:00Z
R04-SITE-C,4,SITE-C,ESP32-C01,v1.3,RECEIVED,420,3,32,0.05,0.3436,0.0299,0.8619,1.0,0.64188,0.64261,0.006577,0.00150244,297,1639,"{""OPEN_CIRCUIT"": 240, ""SHORT_CIRCUIT"": 120, ""DUST"": 60}",LORA,0,85.92,2026-09-11T04:16:00Z,2026-09-11T04:17:25Z
R04-SITE-D,4,SITE-D,ESP32-D01,v1.3,RECEIVED,240,3,32,0.05,0.6152,0.1273,0.75,1.0,0.69974,0.69928,0.006938,0.00162303,297,806,"{""NORMAL"": 120, ""DUST"": 60, ""PARTIAL_SHADING"": 60}",LTE,0,1.92,2026-09-11T01:27:00Z,2026-09-11T01:27:01Z
R04-SITE-E,4,SITE-E,ESP32-E01,v1.3,RECEIVED,480,3,32,0.05,0.4504,0.0921,0.9667,1.0,0.78862,0.79029,0.013179,0.0030319,297,1670,"{""PARTIAL_SHADING"": 240, ""NORMAL"": 120, ""SHORT_CIRCUIT"": 60, ""DUST"": 60}",LORA,2,523.45,2026-09-11T01:03:00Z,2026-09-11T01:11:43Z
R04-SITE-F,4,SITE-F,ESP32-F01,v1.3,RECEIVED,420,3,32,0.05,0.4382,0.157,0.8452,1.0,0.68812,0.68757,0.005903,0.00135739,297,1929,"{""OPEN_CIRCUIT"": 120, ""PARTIAL_SHADING"": 120, ""SHORT_CIRCUIT"": 60, ""DUST"": 60, ""NORMAL"": 60}",WIFI,0,0.5,2026-09-11T02:26:00Z,2026-09-11T02:26:00Z
R05-SITE-A,5,SITE-A,ESP32-A01,v1.4,RECEIVED,480,3,32,0.05,0.3478,0.1646,0.9208,1.0,0.60583,0.60595,0.006596,0.00155103,297,1472,"{""PARTIAL_SHADING"": 180, ""DUST"": 120, ""OPEN_CIRCUIT"": 60, ""SHORT_CIRCUIT"": 60, ""NORMAL"": 60}",WIFI,0,0.38,2026-09-11T07:50:00Z,2026-09-11T07:50:00Z
R05-SITE-B,5,SITE-B,ESP32-B01,v1.4,RECEIVED,360,3,32,0.05,0.1824,0.0338,1.0,1.0,0.45068,0.45039,0.005446,0.00126872,297,1131,"{""DUST"": 120, ""OPEN_CIRCUIT"": 120, ""NORMAL"": 60, ""SHORT_CIRCUIT"": 60}",WIFI,0,0.39,2026-09-11T07:08:00Z,2026-09-11T07:08:00Z
R05-SITE-C,5,SITE-C,ESP32-C01,v1.4,RECEIVED,420,3,32,0.05,0.2793,0.0253,0.8905,1.0,0.58624,0.58627,0.005886,0.00139662,297,1171,"{""OPEN_CIRCUIT"": 240, ""SHORT_CIRCUIT"": 120, ""DUST"": 60}",LORA,0,218.18,2026-09-11T10:29:00Z,2026-09-11T10:32:38Z
R05-SITE-D,5,SITE-D,ESP32-D01,v1.4,RECEIVED,240,3,32,0.05,0.4861,0.0988,0.75,1.0,0.61926,0.61888,0.006071,0.00133972,297,972,"{""NORMAL"": 120, ""DUST"": 60, ""PARTIAL_SHADING"": 60}",LTE,0,1.94,2026-09-11T07:44:00Z,2026-09-11T07:44:01Z
R05-SITE-E,5,SITE-E,ESP32-E01,v1.4,RECEIVED,480,3,32,0.05,0.3632,0.077,1.0,1.0,0.70141,0.70205,0.011112,0.00268865,297,2279,"{""PARTIAL_SHADING"": 240, ""NORMAL"": 120, ""SHORT_CIRCUIT"": 60, ""DUST"": 60}",LORA,3,589.26,2026-09-11T06:32:00Z,2026-09-11T06:41:49Z
R05-SITE-F,5,SITE-F,ESP32-F01,v1.4,RECEIVED,420,3,32,0.05,0.3336,0.1173,0.9095,1.0,0.60816,0.6084,0.004817,0.00107852,297,1733,"{""OPEN_CIRCUIT"": 120, ""PARTIAL_SHADING"": 120, ""SHORT_CIRCUIT"": 60, ""DUST"": 60, ""NORMAL"": 60}",WIFI,0,0.66,2026-09-11T07:12:00Z,2026-09-11T07:12:00Z
R06-SITE-A,6,SITE-A,ESP32-A01,v1.5,RECEIVED,480,3,32,0.05,0.2795,0.1352,0.9729,1.0,0.52469,0.52461,0.005851,0.00136315,297,1810,"{""PARTIAL_SHADING"": 180, ""DUST"": 120, ""OPEN_CIRCUIT"": 60, ""SHORT_CIRCUIT"": 60, ""NORMAL"": 60}",WIFI,0,0.4,2026-09-11T16:23:00Z,2026-09-11T16:23:00Z
R06-SITE-B,6,SITE-B,ESP32-B01,v1.5,FAILED,360,3,32,0.05,0.1477,0.0282,1.0,1.0,0.40438,0.40405,0.004989,0.00118688,297,1571,"{""DUST"": 120, ""OPEN_CIRCUIT"": 120, ""NORMAL"": 60, ""SHORT_CIRCUIT"": 60}",WIFI,1,0.85,2026-09-11T14:58:00Z,
R06-SITE-C,6,SITE-C,ESP32-C01,v1.5,RECEIVED,420,3,32,0.05,0.2288,0.0224,0.9833,1.0,0.53504,0.535,0.005734,0.00126859,297,1500,"{""OPEN_CIRCUIT"": 240, ""SHORT_CIRCUIT"": 120, ""DUST"": 60}",LORA,0,150.4,2026-09-11T16:05:00Z,2026-09-11T16:07:30Z
R06-SITE-D,6,SITE-D,ESP32-D01,v1.5,RECEIVED,240,3,32,0.05,0.3911,0.0805,0.75,1.0,0.54713,0.54771,0.005084,0.00121376,297,955,"{""NORMAL"": 120, ""DUST"": 60, ""PARTIAL_SHADING"": 60}",LTE,2,4.92,2026-09-11T16:07:00Z,2026-09-11T16:07:04Z
R06-SITE-E,6,SITE-E,ESP32-E01,v1.5,RECEIVED,480,3,32,0.05,0.3045,0.0661,1.0,1.0,0.63915,0.63876,0.010288,0.00242737,297,1476,"{""PARTIAL_SHADING"": 240, ""NORMAL"": 120, ""SHORT_CIRCUIT"": 60, ""DUST"": 60}",LORA,4,655.06,2026-09-11T13:28:00Z,2026-09-11T13:38:55Z
R06-SITE-F,6,SITE-F,ESP32-F01,v1.5,RECEIVED,420,3,32,0.05,0.2566,0.0931,0.9976,1.0,0.53023,0.5301,0.004267,0.00094592,297,1304,"{""OPEN_CIRCUIT"": 120, ""PARTIAL_SHADING"": 120, ""SHORT_CIRCUIT"": 60, ""DUST"": 60, ""NORMAL"": 60}",WIFI,1,1.29,2026-09-11T15:53:00Z,2026-09-11T15:53:01Z
R07-SITE-A,7,SITE-A,ESP32-A01,v1.6,RECEIVED,480,3,32,0.05,0.2119,0.1116,0.9958,1.0,0.44352,0.44307,0.005245,0.00115506,297,1633,"{""PARTIAL_SHADING"": 180, ""DUST"": 120, ""OPEN_CIRCUIT"": 60, ""SHORT_CIRCUIT"": 60, ""NORMAL"": 60}",WIFI,0,0.42,2026-09-11T22:26:00Z,2026-09-11T22:26:00Z
R07-SITE-B,7,SITE-B,ESP32-B01,v1.6,RECEIVED,360,3,32,0.05,0.1649,0.0248,1.0,1.0,0.41873,0.41871,0.005619,0.00126759,297,1047,"{""DUST"": 120, ""OPEN_CIRCUIT"": 120, ""NORMAL"": 60, ""SHORT_CIRCUIT"": 60}",WIFI,0,0.4,2026-09-11T19:47:00Z,2026-09-11T19:47:00Z
R07-SITE-C,7,SITE-C,ESP32-C01,v1.6,RECEIVED,420,3,32,0.05,0.2418,0.0211,0.95,1.0,0.52742,0.52646,0.005883,0.00130184,297,1586,"{""OPEN_CIRCUIT"": 240, ""SHORT_CIRCUIT"": 120, ""DUST"": 60}",LORA,0,150.4,2026-09-11T21:56:00Z,2026-09-11T21:58:30Z
R07-SITE-D,7,SITE-D,ESP32-D01,v1.6,RECEIVED,240,3,32,0.05,0.3268,0.065,0.75,1.0,0.4919,0.4915,0.004695,0.00110097,297,746,"{""NORMAL"": 120, ""DUST"": 60, ""PARTIAL_SHADING"": 60}",LTE,0,2.06,2026-09-11T19:56:00Z,2026-09-11T19:56:02Z
R07-SITE-E,7,SITE-E,ESP32-E01,v1.6,RECEIVED,480,3,32,0.05,0.2189,0.0564,1.0,1.0,0.54082,0.54062,0.008661,0.00202424,297,1701,"{""PARTIAL_SHADING"": 240, ""NORMAL"": 120, ""SHORT_CIRCUIT"": 60, ""DUST"": 60}",LORA,0,391.84,2026-09-11T18:58:00Z,2026-09-11T19:04:31Z
R07-SITE-F,7,SITE-F,ESP32-F01,v1.6,RECEIVED,420,3,32,0.05,0.1901,0.0748,1.0,1.0,0.45443,0.45454,0.003644,0.00084934,297,1435,"{""OPEN_CIRCUIT"": 120, ""PARTIAL_SHADING"": 120, ""SHORT_CIRCUIT"": 60, ""DUST"": 60, ""NORMAL"": 60}",WIFI,1,1.03,2026-09-11T22:25:00Z,2026-09-11T22:25:01Z
R08-SITE-A,8,SITE-A,ESP32-A01,v1.7,RECEIVED,480,3,32,0.05,0.1802,0.0954,1.0,1.0,0.40453,0.40454,0.004479,0.00107553,297,2051,"{""PARTIAL_SHADING"": 180, ""DUST"": 120, ""OPEN_CIRCUIT"": 60, ""SHORT_CIRCUIT"": 60, ""NORMAL"": 60}",WIFI,0,0.4,2026-09-12T00:49:00Z,2026-09-12T00:49:00Z
R08-SITE-B,8,SITE-B,ESP32-B01,v1.7,RECEIVED,360,3,32,0.05,0.1145,0.0213,1.0,1.0,0.35341,0.35319,0.004677,0.00104954,297,1220,"{""DUST"": 120, ""OPEN_CIRCUIT"": 120, ""NORMAL"": 60, ""SHORT_CIRCUIT"": 60}",WIFI,0,0.4,2026-09-12T04:37:00Z,2026-09-12T04:37:00Z
R08-SITE-C,8,SITE-C,ESP32-C01,v1.7,RECEIVED,420,3,32,0.05,0.175,0.0194,1.0,1.0,0.46209,0.46195,0.005117,0.00112405,297,1291,"{""OPEN_CIRCUIT"": 240, ""SHORT_CIRCUIT"": 120, ""DUST"": 60}",LORA,0,150.4,2026-09-12T00:30:00Z,2026-09-12T00:32:30Z
R08-SITE-D,8,SITE-D,ESP32-D01,v1.7,RECEIVED,240,3,32,0.05,0.269,0.0559,0.8042,1.0,0.44462,0.44459,0.004345,0.00099244,297,1105,"{""NORMAL"": 120, ""DUST"": 60, ""PARTIAL_SHADING"": 60}",LTE,0,1.9,2026-09-12T04:08:00Z,2026-09-12T04:08:01Z
R08-SITE-E,8,SITE-E,ESP32-E01,v1.7,RECEIVED,480,3,32,0.05,0.2098,0.0505,1.0,1.0,0.52666,0.52623,0.008604,0.00197435,297,2053,"{""PARTIAL_SHADING"": 240, ""NORMAL"": 120, ""SHORT_CIRCUIT"": 60, ""DUST"": 60}",LORA,0,218.18,2026-09-12T04:33:00Z,2026-09-12T04:36:38Z
R08-SITE-F,8,SITE-F,ESP32-F01,v1.7,RECEIVED,420,3,32,0.05,0.1529,0.0629,1.0,1.0,0.38825,0.38809,0.003184,0.00074074,297,1268,"{""OPEN_CIRCUIT"": 120, ""PARTIAL_SHADING"": 120, ""SHORT_CIRCUIT"": 60, ""DUST"": 60, ""NORMAL"": 60}",WIFI,0,0.4,2026-09-12T01:33:00Z,2026-09-12T01:33:00Z
R09-SITE-A,9,SITE-A,ESP32-A01,v1.8,RECEIVED,480,3,32,0.05,0.1538,0.0827,1.0,1.0,0.36881,0.36849,0.004222,0.00097286,297,1922,"{""PARTIAL_SHADING"": 180, ""DUST"": 120, ""OPEN_CIRCUIT"": 60, ""SHORT_CIRCUIT"": 60, ""NORMAL"": 60}",WIFI,0,0.42,2026-09-12T06:16:00Z,2026-09-12T06:16:00Z
R09-SITE-B,9,SITE-B,ESP32-B01,v1.8,RECEIVED,360,3,32,0.05,0.0893,0.0188,1.0,1.0,0.31178,0.31181,0.003818,0.00092274,297,1648,"{""DUST"": 120, ""OPEN_CIRCUIT"": 120, ""NORMAL"": 60, ""SHORT_CIRCUIT"": 60}",WIFI,0,0.42,2026-09-12T06:48:00Z,2026-09-12T06:48:00Z
R09-SITE-C,9,SITE-C,ESP32-C01,v1.8,RECEIVED,420,3,32,0.05,0.1393,0.0177,1.0,1.0,0.41941,0.41944,0.004475,0.00099782,297,1649,"{""OPEN_CIRCUIT"": 240, ""SHORT_CIRCUIT"": 120, ""DUST"": 60}",LORA,0,85.92,2026-09-12T06:28:00Z,2026-09-12T06:29:25Z
R09-SITE-D,9,SITE-D,ESP32-D01,v1.8,RECEIVED,240,3,32,0.05,0.2321,0.0481,0.9458,1.0,0.41851,0.41847,0.003781,0.00093207,297,919,"{""NORMAL"": 120, ""DUST"": 60, ""PARTIAL_SHADING"": 60}",LTE,0,1.91,2026-09-12T09:48:00Z,2026-09-12T09:48:01Z
R09-SITE-E,9,SITE-E,ESP32-E01,v1.8,RECEIVED,480,3,32,0.05,0.1927,0.0455,1.0,1.0,0.50353,0.50327,0.008204,0.00187713,297,1466,"{""PARTIAL_SHADING"": 240, ""NORMAL"": 120, ""SHORT_CIRCUIT"": 60, ""DUST"": 60}",LORA,0,150.4,2026-09-12T06:13:00Z,2026-09-12T06:15:30Z
R09-SITE-F,9,SITE-F,ESP32-F01,v1.8,RECEIVED,420,3,32,0.05,0.1254,0.0536,1.0,1.0,0.34416,0.34419,0.00294,0.00067763,297,1883,"{""OPEN_CIRCUIT"": 120, ""PARTIAL_SHADING"": 120, ""SHORT_CIRCUIT"": 60, ""DUST"": 60, ""NORMAL"": 60}",WIFI,0,0.4,2026-09-12T06:36:00Z,2026-09-12T06:36:00Z
R10-SITE-A,10,SITE-A,ESP32-A01,v1.9,RECEIVED,480,3,32,0.05,0.1316,0.0726,1.0,1.0,0.33403,0.33414,0.003827,0.0008712,297,1778,"{""PARTIAL_SHADING"": 180, ""DUST"": 120, ""OPEN_CIRCUIT"": 60, ""SHORT_CIRCUIT"": 60, ""NORMAL"": 60}",WIFI,0,0.42,2026-09-12T13:58:00Z,2026-09-12T13:58:00Z
R10-SITE-B,10,SITE-B,ESP32-B01,v1.9,RECEIVED,360,3,32,0.05,0.0746,0.0168,1.0,1.0,0.28431,0.28478,0.003599,0.00083631,297,1726,"{""DUST"": 120, ""OPEN_CIRCUIT"": 120, ""NORMAL"": 60, ""SHORT_CIRCUIT"": 60}",WIFI,0,0.4,2026-09-12T15:02:00Z,2026-09-12T15:02:00Z
R10-SITE-C,10,SITE-C,ESP32-C01,v1.9,RECEIVED,420,3,32,0.05,0.1176,0.0168,1.0,1.0,0.38477,0.38458,0.004066,0.00090259,297,1169,"{""OPEN_CIRCUIT"": 240, ""SHORT_CIRCUIT"": 120, ""DUST"": 60}",LORA,0,150.4,2026-09-12T14:44:00Z,2026-09-12T14:46:30Z
R10-SITE-D,10,SITE-D,ESP32-D01,v1.9,RECEIVED,240,3,32,0.05,0.2064,0.0424,0.9833,1.0,0.39199,0.39197,0.003609,0.00086117,297,770,"{""NORMAL"": 120, ""DUST"": 60, ""PARTIAL_SHADING"": 60}",LTE,2,4.39,2026-09-12T13:42:00Z,2026-09-12T13:42:04Z
R10-SITE-E,10,SITE-E,ESP32-E01,v1.9,RECEIVED,480,3,32,0.05,0.1732,0.0415,1.0,1.0,0.47736,0.47662,0.007417,0.00176668,297,2008,"{""PARTIAL_SHADING"": 240, ""NORMAL"": 120, ""SHORT_CIRCUIT"": 60, ""DUST"": 60}",LORA,0,391.84,2026-09-12T16:21:00Z,2026-09-12T16:27:31Z
R10-SITE-F,10,SITE-F,ESP32-F01,v1.9,LATE,420,3,32,0.05,0.1042,0.0461,1.0,1.0,0.31091,0.31098,0.002645,0.00061115,297,1933,"{""OPEN_CIRCUIT"": 120, ""PARTIAL_SHADING"": 120, ""SHORT_CIRCUIT"": 60, ""DUST"": 60, ""NORMAL"": 60}",WIFI,0,0.51,2026-09-12T17:19:00Z,2026-09-12T17:19:00Z
R11-SITE-A,11,SITE-A,ESP32-A01,v1.10,RECEIVED,480,3,32,0.05,0.1144,0.0638,1.0,1.0,0.31151,0.31124,0.003766,0.00082853,297,1444,"{""PARTIAL_SHADING"": 180, ""DUST"": 120, ""OPEN_CIRCUIT"": 60, ""SHORT_CIRCUIT"": 60, ""NORMAL"": 60}",WIFI,0,0.39,2026-09-12T20:31:00Z,2026-09-12T20:31:00Z
R11-SITE-B,11,SITE-B,ESP32-B01,v1.10,RECEIVED,360,3,32,0.05,0.067,0.0153,1.0,1.0,0.27099,0.27089,0.00348,0.00078629,297,1666,"{""DUST"": 120, ""OPEN_CIRCUIT"": 120, ""NORMAL"": 60, ""SHORT_CIRCUIT"": 60}",WIFI,0,0.44,2026-09-12T21:40:00Z,2026-09-12T21:40:00Z
R11-SITE-C,11,SITE-C,ESP32-C01,v1.10,RECEIVED,420,3,32,0.05,0.0983,0.0148,1.0,1.0,0.36238,0.36244,0.003653,0.00084457,297,1146,"{""OPEN_CIRCUIT"": 240, ""SHORT_CIRCUIT"": 120, ""DUST"": 60}",LORA,0,150.4,2026-09-12T18:27:00Z,2026-09-12T18:29:30Z
R11-SITE-D,11,SITE-D,ESP32-D01,v1.10,RECEIVED,240,3,32,0.05,0.1892,0.0384,0.9958,1.0,0.37493,0.37487,0.003275,0.00081733,297,862,"{""NORMAL"": 120, ""DUST"": 60, ""PARTIAL_SHADING"": 60}",LTE,0,2.17,2026-09-12T20:52:00Z,2026-09-12T20:52:02Z
R11-SITE-E,11,SITE-E,ESP32-E01,v1.10,RECEIVED,480,3,32,0.05,0.1486,0.0373,1.0,1.0,0.44074,0.44095,0.006816,0.00162612,297,1519,"{""PARTIAL_SHADING"": 240, ""NORMAL"": 120, ""SHORT_CIRCUIT"": 60, ""DUST"": 60}",LORA,1,457.64,2026-09-12T20:25:00Z,2026-09-12T20:32:37Z
R11-SITE-F,11,SITE-F,ESP32-F01,v1.10,FAILED,420,3,32,0.05,0.1032,0.0425,1.0,1.0,0.30788,0.30798,0.002939,0.00064675,297,1471,"{""OPEN_CIRCUIT"": 120, ""PARTIAL_SHADING"": 120, ""SHORT_CIRCUIT"": 60, ""DUST"": 60, ""NORMAL"": 60}",WIFI,1,0.85,2026-09-12T19:10:00Z,
R12-SITE-A,12,SITE-A,ESP32-A01,v1.11,RECEIVED,480,3,32,0.05,0.1,0.0567,1.0,1.0,0.28887,0.28899,0.003309,0.00077999,297,2130,"{""PARTIAL_SHADING"": 180, ""DUST"": 120, ""OPEN_CIRCUIT"": 60, ""SHORT_CIRCUIT"": 60, ""NORMAL"": 60}",WIFI,0,0.38,2026-09-13T04:10:00Z,2026-09-13T04:10:00Z
R12-SITE-B,12,SITE-B,ESP32-B01,v1.11,RECEIVED,360,3,32,0.05,0.0604,0.0141,1.0,1.0,0.25835,0.2586,0.003301,0.00074276,297,1052,"{""DUST"": 120, ""OPEN_CIRCUIT"": 120, ""NORMAL"": 60, ""SHORT_CIRCUIT"": 60}",WIFI,0,0.38,2026-09-13T01:10:00Z,2026-09-13T01:10:00Z
R12-SITE-C,12,SITE-C,ESP32-C01,v1.11,RECEIVED,420,3,32,0.05,0.0831,0.0144,1.0,1.0,0.32802,0.32801,0.003366,0.00078566,297,2007,"{""OPEN_CIRCUIT"": 240, ""SHORT_CIRCUIT"": 120, ""DUST"": 60}",LORA,0,150.4,2026-09-13T03:46:00Z,2026-09-13T03:48:30Z
R12-SITE-D,12,SITE-D,ESP32-D01,v1.11,RECEIVED,240,3,32,0.05,0.1734,0.0351,1.0,1.0,0.3583,0.35837,0.003298,0.00077217,297,1034,"{""NORMAL"": 120, ""DUST"": 60, ""PARTIAL_SHADING"": 60}",LTE,0,1.94,2026-09-13T04:11:00Z,2026-09-13T04:11:01Z
R12-SITE-E,12,SITE-E,ESP32-E01,v1.11,RECEIVED,480,3,32,0.05,0.1303,0.0339,1.0,1.0,0.41293,0.41257,0.006311,0.00151365,297,2220,"{""PARTIAL_SHADING"": 240, ""NORMAL"": 120, ""SHORT_CIRCUIT"": 60, ""DUST"": 60}",LORA,1,291.41,2026-09-13T04:06:00Z,2026-09-13T04:10:51Z
R12-SITE-F,12,SITE-F,ESP32-F01,v1.11,RECEIVED,420,3,32,0.05,0.1013,0.0386,1.0,1.0,0.31491,0.31483,0.003123,0.00069219,297,1323,"{""OPEN_CIRCUIT"": 120, ""PARTIAL_SHADING"": 120, ""SHORT_CIRCUIT"": 60, ""DUST"": 60, ""NORMAL"": 60}",WIFI,0,0.53,2026-09-13T04:18:00Z,2026-09-13T04:18:00Z
R13-SITE-A,13,SITE-A,ESP32-A01,v1.12,RECEIVED,480,3,32,0.05,0.0867,0.0511,1.0,1.0,0.2617,0.26224,0.003088,0.00069775,297,2005,"{""PARTIAL_SHADING"": 180, ""DUST"": 120, ""OPEN_CIRCUIT"": 60, ""SHORT_CIRCUIT"": 60, ""NORMAL"": 60}",WIFI,0,0.42,2026-09-13T09:28:00Z,2026-09-13T09:28:00Z
R13-SITE-B,13,SITE-B,ESP32-B01,v1.12,RECEIVED,360,3,32,0.05,0.0524,0.0128,1.0,1.0,0.24243,0.24254,0.003009,0.00069609,297,1246,"{""DUST"": 120, ""OPEN_CIRCUIT"": 120, ""NORMAL"": 60, ""SHORT_CIRCUIT"": 60}",WIFI,0,0.4,2026-09-13T06:30:00Z,2026-09-13T06:30:00Z
R13-SITE-C,13,SITE-C,ESP32-C01,v1.12,RECEIVED,420,3,32,0.05,0.0755,0.014,1.0,1.0,0.31139,0.31102,0.003254,0.00073416,297,1211,"{""OPEN_CIRCUIT"": 240, ""SHORT_CIRCUIT"": 120, ""DUST"": 60}",LORA,0,150.4,2026-09-13T08:07:00Z,2026-09-13T08:09:30Z
R13-SITE-D,13,SITE-D,ESP32-D01,v1.12,RECEIVED,240,3,32,0.05,0.1546,0.0316,1.0,1.0,0.3383,0.33871,0.003119,0.00071719,297,896,"{""NORMAL"": 120, ""DUST"": 60, ""PARTIAL_SHADING"": 60}",LTE,0,1.92,2026-09-13T10:36:00Z,2026-09-13T10:36:01Z
R13-SITE-E,13,SITE-E,ESP32-E01,v1.12,RECEIVED,480,3,32,0.05,0.1204,0.0317,1.0,1.0,0.39734,0.39671,0.00628,0.00144541,297,2024,"{""PARTIAL_SHADING"": 240, ""NORMAL"": 120, ""SHORT_CIRCUIT"": 60, ""DUST"": 60}",LORA,2,523.45,2026-09-13T09:07:00Z,2026-09-13T09:15:43Z
R13-SITE-F,13,SITE-F,ESP32-F01,v1.12,RECEIVED,420,3,32,0.05,0.081,0.0344,1.0,1.0,0.27271,0.27261,0.002629,0.00059009,297,1902,"{""OPEN_CIRCUIT"": 120, ""PARTIAL_SHADING"": 120, ""SHORT_CIRCUIT"": 60, ""DUST"": 60, ""NORMAL"": 60}",WIFI,0,0.48,2026-09-13T07:56:00Z,2026-09-13T07:56:00Z
R14-SITE-A,14,SITE-A,ESP32-A01,v1.13,RECEIVED,480,3,32,0.05,0.0762,0.0463,1.0,1.0,0.24154,0.24162,0.002899,0.00063671,297,1547,"{""PARTIAL_SHADING"": 180, ""DUST"": 120, ""OPEN_CIRCUIT"": 60, ""SHORT_CIRCUIT"": 60, ""NORMAL"": 60}",WIFI,0,0.4,2026-09-13T13:23:00Z,2026-09-13T13:23:00Z
R14-SITE-B,14,SITE-B,ESP32-B01,v1.13,RECEIVED,360,3,32,0.05,0.0462,0.0121,1.0,1.0,0.22346,0.22376,0.002956,0.00064145,297,1670,"{""DUST"": 120, ""OPEN_CIRCUIT"": 120, ""NORMAL"": 60, ""SHORT_CIRCUIT"": 60}",WIFI,0,0.39,2026-09-13T12:34:00Z,2026-09-13T12:34:00Z
R14-SITE-C,14,SITE-C,ESP32-C01,v1.13,RECEIVED,420,3,32,0.05,0.0687,0.0132,1.0,1.0,0.29983,0.29986,0.003057,0.00069555,297,1424,"{""OPEN_CIRCUIT"": 240, ""SHORT_CIRCUIT"": 120, ""DUST"": 60}",LORA,0,85.92,2026-09-13T13:34:00Z,2026-09-13T13:35:25Z
R14-SITE-D,14,SITE-D,ESP32-D01,v1.13,RECEIVED,240,3,32,0.05,0.1408,0.0288,1.0,1.0,0.3233,0.3234,0.002828,0.00067447,297,1027,"{""NORMAL"": 120, ""DUST"": 60, ""PARTIAL_SHADING"": 60}",LTE,0,1.89,2026-09-13T16:04:00Z,2026-09-13T16:04:01Z
R14-SITE-E,14,SITE-E,ESP32-E01,v1.13,RECEIVED,480,3,32,0.05,0.111,0.0296,1.0,1.0,0.38134,0.3811,0.005962,0.00137621,297,1971,"{""PARTIAL_SHADING"": 240, ""NORMAL"": 120, ""SHORT_CIRCUIT"": 60, ""DUST"": 60}",LORA,0,218.18,2026-09-13T13:57:00Z,2026-09-13T14:00:38Z
R14-SITE-F,14,SITE-F,ESP32-F01,v1.13,RECEIVED,420,3,32,0.05,0.0672,0.0307,1.0,1.0,0.24539,0.24535,0.002274,0.00054462,297,1992,"{""OPEN_CIRCUIT"": 120, ""PARTIAL_SHADING"": 120, ""SHORT_CIRCUIT"": 60, ""DUST"": 60, ""NORMAL"": 60}",WIFI,0,0.4,2026-09-13T16:41:00Z,2026-09-13T16:41:00Z
R15-SITE-A,15,SITE-A,ESP32-A01,v1.14,RECEIVED,480,3,32,0.05,0.0675,0.0421,1.0,1.0,0.22512,0.22509,0.002642,0.00059269,297,1556,"{""PARTIAL_SHADING"": 180, ""DUST"": 120, ""OPEN_CIRCUIT"": 60, ""SHORT_CIRCUIT"": 60, ""NORMAL"": 60}",WIFI,0,0.4,2026-09-13T22:11:00Z,2026-09-13T22:11:00Z
R15-SITE-B,15,SITE-B,ESP32-B01,v1.14,RECEIVED,360,3,32,0.05,0.0413,0.0112,1.0,1.0,0.21244,0.21259,0.002458,0.00060564,297,1013,"{""DUST"": 120, ""OPEN_CIRCUIT"": 120, ""NORMAL"": 60, ""SHORT_CIRCUIT"": 60}",WIFI,0,0.38,2026-09-13T18:58:00Z,2026-09-13T18:58:00Z
R15-SITE-C,15,SITE-C,ESP32-C01,v1.14,RECEIVED,420,3,32,0.05,0.0624,0.0128,1.0,1.0,0.28423,0.28391,0.002775,0.00065743,297,1682,"{""OPEN_CIRCUIT"": 240, ""SHORT_CIRCUIT"": 120, ""DUST"": 60}",LORA,0,85.92,2026-09-13T21:08:00Z,2026-09-13T21:09:25Z
R15-SITE-D,15,SITE-D,ESP32-D01,v1.14,RECEIVED,240,3,32,0.05,0.1299,0.0265,1.0,1.0,0.31204,0.31181,0.002726,0.00065019,297,902,"{""NORMAL"": 120, ""DUST"": 60, ""PARTIAL_SHADING"": 60}",LTE,0,2.2,2026-09-13T19:41:00Z,2026-09-13T19:41:02Z
R15-SITE-E,15,SITE-E,ESP32-E01,v1.14,FAILED,480,3,32,0.05,0.1025,0.0279,1.0,1.0,0.36525,0.36536,0.005402,0.00130912,297,2013,"{""PARTIAL_SHADING"": 240, ""NORMAL"": 120, ""SHORT_CIRCUIT"": 60, ""DUST"": 60}",LORA,3,262.72,2026-09-13T18:16:00Z,
R15-SITE-F,15,SITE-F,ESP32-F01,v1.14,RECEIVED,420,3,32,0.05,0.0572,0.0277,1.0,1.0,0.22307,0.22311,0.002185,0.00050146,297,1658,"{""OPEN_CIRCUIT"": 120, ""PARTIAL_SHADING"": 120, ""SHORT_CIRCUIT"": 60, ""DUST"": 60, ""NORMAL"": 60}",WIFI,0,0.47,2026-09-13T19:58:00Z,2026-09-13T19:58:00Z
R16-SITE-A,16,SITE-A,ESP32-A01,v1.15,RECEIVED,480,3,32,0.05,0.0651,0.0392,1.0,1.0,0.22727,0.22697,0.002511,0.00056983,297,1750,"{""PARTIAL_SHADING"": 180, ""DUST"": 120, ""OPEN_CIRCUIT"": 60, ""SHORT_CIRCUIT"": 60, ""NORMAL"": 60}",WIFI,0,0.38,2026-09-14T04:10:00Z,2026-09-14T04:10:00Z
R16-SITE-B,16,SITE-B,ESP32-B01,v1.15,RECEIVED,360,3,32,0.05,0.0225,0.0094,1.0,1.0,0.14858,0.14866,0.001814,0.00041372,297,1440,"{""DUST"": 120, ""OPEN_CIRCUIT"": 120, ""NORMAL"": 60, ""SHORT_CIRCUIT"": 60}",WIFI,0,0.4,2026-09-14T03:15:00Z,2026-09-14T03:15:00Z
R16-SITE-C,16,SITE-C,ESP32-C01,v1.15,RECEIVED,420,3,32,0.05,0.0392,0.0118,1.0,1.0,0.22148,0.2215,0.002222,0.00047297,297,1653,"{""OPEN_CIRCUIT"": 240, ""SHORT_CIRCUIT"": 120, ""DUST"": 60}",LORA,0,150.4,2026-09-14T03:10:00Z,2026-09-14T03:12:30Z
R16-SITE-D,16,SITE-D,ESP32-D01,v1.15,RECEIVED,240,3,32,0.05,0.1083,0.025,1.0,1.0,0.28634,0.28625,0.00246,0.0006245,297,965,"{""NORMAL"": 120, ""DUST"": 60, ""PARTIAL_SHADING"": 60}",LTE,0,1.94,2026-09-14T02:15:00Z,2026-09-14T02:15:01Z
R16-SITE-E,16,SITE-E,ESP32-E01,v1.15,RECEIVED,480,3,32,0.05,0.1352,0.0279,1.0,1.0,0.41894,0.41883,0.006746,0.00148353,297,1481,"{""PARTIAL_SHADING"": 240, ""NORMAL"": 120, ""SHORT_CIRCUIT"": 60, ""DUST"": 60}",LORA,1,457.64,2026-09-14T01:17:00Z,2026-09-14T01:24:37Z
R16-SITE-F,16,SITE-F,ESP32-F01,v1.15,RECEIVED,420,3,32,0.05,0.0472,0.024,1.0,1.0,0.20446,0.20417,0.001773,0.00041573,297,1592,"{""OPEN_CIRCUIT"": 120, ""PARTIAL_SHADING"": 120, ""SHORT_CIRCUIT"": 60, ""DUST"": 60, ""NORMAL"": 60}",WIFI,0,0.41,2026-09-14T00:19:00Z,2026-09-14T00:19:00Z
R17-SITE-A,17,SITE-A,ESP32-A01,v1.16,RECEIVED,480,3,32,0.05,0.055,0.0358,1.0,1.0,0.1982,0.19816,0.002244,0.00050503,297,2158,"{""PARTIAL_SHADING"": 180, ""DUST"": 120, ""OPEN_CIRCUIT"": 60, ""SHORT_CIRCUIT"": 60, ""NORMAL"": 60}",WIFI,0,0.41,2026-09-14T06:09:00Z,2026-09-14T06:09:00Z
R17-SITE-B,17,SITE-B,ESP32-B01,v1.16,RECEIVED,360,3,32,0.05,0.027,0.0095,1.0,1.0,0.16761,0.16768,0.002143,0.00046898,297,1458,"{""DUST"": 120, ""OPEN_CIRCUIT"": 120, ""NORMAL"": 60, ""SHORT_CIRCUIT"": 60}",WIFI,0,0.4,2026-09-14T08:28:00Z,2026-09-14T08:28:00Z
R17-SITE-C,17,SITE-C,ESP32-C01,v1.16,RECEIVED,420,3,32,0.05,0.0446,0.0116,1.0,1.0,0.23778,0.23755,0.002257,0.00052537,297,1445,"{""OPEN_CIRCUIT"": 240, ""SHORT_CIRCUIT"": 120, ""DUST"": 60}",LORA,0,150.4,2026-09-14T09:29:00Z,2026-09-14T09:31:30Z
R17-SITE-D,17,SITE-D,ESP32-D01,v1.16,RECEIVED,240,3,32,0.05,0.1083,0.023,1.0,1.0,0.28828,0.2882,0.002505,0.00062771,297,648,"{""NORMAL"": 120, ""DUST"": 60, ""PARTIAL_SHADING"": 60}",LTE,0,1.97,2026-09-14T06:40:00Z,2026-09-14T06:40:01Z
R17-SITE-E,17,SITE-E,ESP32-E01,v1.16,RECEIVED,480,3,32,0.05,0.1045,0.0259,1.0,1.0,0.36975,0.36985,0.006086,0.00130212,297,2156,"{""PARTIAL_SHADING"": 240, ""NORMAL"": 120, ""SHORT_CIRCUIT"": 60, ""DUST"": 60}",LORA,0,218.18,2026-09-14T08:19:00Z,2026-09-14T08:22:38Z
R17-SITE-F,17,SITE-F,ESP32-F01,v1.16,FAILED,420,3,32,0.05,0.0407,0.0221,1.0,1.0,0.18619,0.18614,0.001648,0.00039608,297,1138,"{""OPEN_CIRCUIT"": 120, ""PARTIAL_SHADING"": 120, ""SHORT_CIRCUIT"": 60, ""DUST"": 60, ""NORMAL"": 60}",WIFI,1,0.85,2026-09-14T08:17:00Z,
R18-SITE-A,18,SITE-A,ESP32-A01,v1.17,RECEIVED,480,3,32,0.05,0.0489,0.0326,1.0,1.0,0.18386,0.18373,0.002028,0.00048236,297,2109,"{""PARTIAL_SHADING"": 180, ""DUST"": 120, ""OPEN_CIRCUIT"": 60, ""SHORT_CIRCUIT"": 60, ""NORMAL"": 60}",WIFI,0,0.4,2026-09-14T13:46:00Z,2026-09-14T13:46:00Z
R18-SITE-B,18,SITE-B,ESP32-B01,v1.17,RECEIVED,360,3,32,0.05,0.0293,0.0092,1.0,1.0,0.17801,0.17804,0.002213,0.00050197,297,1283,"{""DUST"": 120, ""OPEN_CIRCUIT"": 120, ""NORMAL"": 60, ""SHORT_CIRCUIT"": 60}",WIFI,0,0.42,2026-09-14T14:12:00Z,2026-09-14T14:12:00Z
R18-SITE-C,18,SITE-C,ESP32-C01,v1.17,RECEIVED,420,3,32,0.05,0.0443,0.0108,1.0,1.0,0.24042,0.24028,0.002365,0.00053949,297,1339,"{""OPEN_CIRCUIT"": 240, ""SHORT_CIRCUIT"": 120, ""DUST"": 60}",LORA,0,150.4,2026-09-14T15:36:00Z,2026-09-14T15:38:30Z
R18-SITE-D,18,SITE-D,ESP32-D01,v1.17,RECEIVED,240,3,32,0.05,0.1054,0.0219,1.0,1.0,0.2822,0.28204,0.002355,0.00060024,297,1047,"{""NORMAL"": 120, ""DUST"": 60, ""PARTIAL_SHADING"": 60}",LTE,0,1.97,2026-09-14T14:04:00Z,2026-09-14T14:04:01Z
R18-SITE-E,18,SITE-E,ESP32-E01,v1.17,RECEIVED,480,3,32,0.05,0.0857,0.0239,1.0,1.0,0.33515,0.33451,0.005338,0.00117332,297,1619,"{""PARTIAL_SHADING"": 240, ""NORMAL"": 120, ""SHORT_CIRCUIT"": 60, ""DUST"": 60}",LORA,1,457.64,2026-09-14T15:59:00Z,2026-09-14T16:06:37Z
R18-SITE-F,18,SITE-F,ESP32-F01,v1.17,RECEIVED,420,3,32,0.05,0.0415,0.0214,1.0,1.0,0.18671,0.18672,0.001736,0.00040911,297,1188,"{""OPEN_CIRCUIT"": 120, ""PARTIAL_SHADING"": 120, ""SHORT_CIRCUIT"": 60, ""DUST"": 60, ""NORMAL"": 60}",WIFI,1,1.11,2026-09-14T13:54:00Z,2026-09-14T13:54:01Z
R19-SITE-A,19,SITE-A,ESP32-A01,v1.18,RECEIVED,480,3,32,0.05,0.0442,0.0302,1.0,1.0,0.17051,0.17062,0.00197,0.00044539,297,1749,"{""PARTIAL_SHADING"": 180, ""DUST"": 120, ""OPEN_CIRCUIT"": 60, ""SHORT_CIRCUIT"": 60, ""NORMAL"": 60}",WIFI,0,0.38,2026-09-14T18:20:00Z,2026-09-14T18:20:00Z
R19-SITE-B,19,SITE-B,ESP32-B01,v1.18,RECEIVED,360,3,32,0.05,0.0281,0.0089,1.0,1.0,0.17225,0.1721,0.002176,0.00048353,297,1529,"{""DUST"": 120, ""OPEN_CIRCUIT"": 120, ""NORMAL"": 60, ""SHORT_CIRCUIT"": 60}",WIFI,0,0.39,2026-09-14T21:53:00Z,2026-09-14T21:53:00Z
R19-SITE-C,19,SITE-C,ESP32-C01,v1.18,RECEIVED,420,3,32,0.05,0.0425,0.0107,1.0,1.0,0.23148,0.23176,0.002326,0.00052464,297,1743,"{""OPEN_CIRCUIT"": 240, ""SHORT_CIRCUIT"": 120, ""DUST"": 60}",LORA,0,85.92,2026-09-14T21:50:00Z,2026-09-14T21:51:25Z
R19-SITE-D,19,SITE-D,ESP32-D01,v1.18,RECEIVED,240,3,32,0.05,0.1,0.0203,1.0,1.0,0.2781,0.27827,0.002402,0.00058953,297,919,"{""NORMAL"": 120, ""DUST"": 60, ""PARTIAL_SHADING"": 60}",LTE,0,1.92,2026-09-14T21:44:00Z,2026-09-14T21:44:01Z
R19-SITE-E,19,SITE-E,ESP32-E01,v1.18,RECEIVED,480,3,32,0.05,0.0781,0.0226,1.0,1.0,0.3184,0.31838,0.004994,0.00110931,297,1793,"{""PARTIAL_SHADING"": 240, ""NORMAL"": 120, ""SHORT_CIRCUIT"": 60, ""DUST"": 60}",LORA,3,589.26,2026-09-14T19:07:00Z,2026-09-14T19:16:49Z
R19-SITE-F,19,SITE-F,ESP32-F01,v1.18,RECEIVED,420,3,32,0.05,0.0365,0.0194,1.0,1.0,0.17804,0.17813,0.001766,0.0004058,297,1567,"{""OPEN_CIRCUIT"": 120, ""PARTIAL_SHADING"": 120, ""SHORT_CIRCUIT"": 60, ""DUST"": 60, ""NORMAL"": 60}",WIFI,0,0.51,2026-09-14T19:07:00Z,2026-09-14T19:07:00Z
R20-SITE-A,20,SITE-A,ESP32-A01,v1.19,RECEIVED,480,3,32,0.05,0.0402,0.0281,1.0,1.0,0.15943,0.15935,0.001668,0.00041247,297,1522,"{""PARTIAL_SHADING"": 180, ""DUST"": 120, ""OPEN_CIRCUIT"": 60, ""SHORT_CIRCUIT"": 60, ""NORMAL"": 60}",WIFI,0,0.39,2026-09-15T03:41:00Z,2026-09-15T03:41:00Z
R20-SITE-B,20,SITE-B,ESP32-B01,v1.19,RECEIVED,360,3,32,0.05,0.0264,0.0084,1.0,1.0,0.16888,0.16882,0.002083,0.00047483,297,1324,"{""DUST"": 120, ""OPEN_CIRCUIT"": 120, ""NORMAL"": 60, ""SHORT_CIRCUIT"": 60}",WIFI,0,0.4,2026-09-15T03:20:00Z,2026-09-15T03:20:00Z
R20-SITE-C,20,SITE-C,ESP32-C01,v1.19,RECEIVED,420,3,32,0.05,0.0404,0.0103,1.0,1.0,0.22642,0.22634,0.0021,0.00050827,297,1850,"{""OPEN_CIRCUIT"": 240, ""SHORT_CIRCUIT"": 120, ""DUST"": 60}",LORA,0,85.92,2026-09-15T01:43:00Z,2026-09-15T01:44:25Z
R20-SITE-D,20,SITE-D,ESP32-D01,v1.19,RECEIVED,240,3,32,0.05,0.0945,0.0194,1.0,1.0,0.26925,0.26934,0.002318,0.00057488,297,1046,"{""NORMAL"": 120, ""DUST"": 60, ""PARTIAL_SHADING"": 60}",LTE,0,1.9,2026-09-15T02:14:00Z,2026-09-15T02:14:01Z
R20-SITE-E,20,SITE-E,ESP32-E01,v1.19,RECEIVED,480,3,32,0.05,0.0723,0.0215,1.0,1.0,0.30685,0.30656,0.004627,0.00106256,297,1926,"{""PARTIAL_SHADING"": 240, ""NORMAL"": 120, ""SHORT_CIRCUIT"": 60, ""DUST"": 60}",LORA,0,218.18,2026-09-15T01:49:00Z,2026-09-15T01:52:38Z
R20-SITE-F,20,SITE-F,ESP32-F01,v1.19,RECEIVED,420,3,32,0.05,0.0323,0.0178,1.0,1.0,0.16697,0.167,0.001571,0.00037881,297,1319,"{""OPEN_CIRCUIT"": 120, ""PARTIAL_SHADING"": 120, ""SHORT_CIRCUIT"": 60, ""DUST"": 60, ""NORMAL"": 60}",WIFI,0,0.42,2026-09-15T03:35:00Z,2026-09-15T03:35:00Z
