round_id,global_model_version,aggregation,clients_selected,clients_received,total_samples,global_val_loss,global_val_accuracy,mean_update_l2_norm,published_at_utc,model_size_int8_bytes,clients_late,clients_failed
0,v1.0,init,0,0,0,1.5135,0.3033,,2026-09-10T00:00:00Z,229,0,0
1,v1.1,FedAvg,6,6,2400,0.7473,0.7983,1.42731,2026-09-10T11:00:00Z,229,0,0
2,v1.2,FedAvg,6,5,1980,0.5722,0.8033,0.95866,2026-09-10T17:00:00Z,229,0,1
3,v1.3,FedAvg,6,6,2400,0.4726,0.8,0.77742,2026-09-10T23:00:00Z,229,0,0
4,v1.4,FedAvg,6,6,2400,0.3889,0.8117,0.66865,2026-09-11T05:00:00Z,229,0,0
5,v1.5,FedAvg,6,6,2400,0.3239,0.8417,0.59526,2026-09-11T11:00:00Z,229,0,0
6,v1.6,FedAvg,6,5,2040,0.3268,0.8,0.55525,2026-09-11T17:00:00Z,229,0,1
7,v1.7,FedAvg,6,6,2400,0.2481,0.9117,0.47947,2026-09-11T23:00:00Z,229,0,0
8,v1.8,FedAvg,6,6,2400,0.206,0.965,0.42993,2026-09-12T05:00:00Z,229,0,0
9,v1.9,FedAvg,6,6,2400,0.18,0.9883,0.39437,2026-09-12T11:00:00Z,229,0,0
10,v1.10,FedAvg,6,5,1980,0.1668,0.9767,0.37449,2026-09-12T17:00:00Z,229,1,0
11,v1.11,FedAvg,6,5,1980,0.1547,0.975,0.35211,2026-09-12T23:00:00Z,229,0,1
12,v1.12,FedAvg,6,6,2400,0.136,0.9933,0.3269,2026-09-13T05:00:00Z,229,0,0
13,v1.13,FedAvg,6,6,2400,0.1226,0.9983,0.30398,2026-09-13T11:00:00Z,229,0,0
14,v1.14,FedAvg,6,6,2400,0.112,1.0,0.28581,2026-09-13T17:00:00Z,229,0,0
15,v1.15,FedAvg,6,5,1920,0.0739,1.0,0.25138,2026-09-13T23:00:00Z,229,0,1
16,v1.16,FedAvg,6,6,2400,0.0825,1.0,0.25118,2026-09-14T05:00:00Z,229,0,0
17,v1.17,FedAvg,6,5,1980,0.0871,1.0,0.25232,2026-09-14T11:00:00Z,229,0,1
18,v1.18,FedAvg,6,6,2400,0.0836,1.0,0.23439,2026-09-14T17:00:00Z,229,0,0
19,v1.19,FedAvg,6,6,2400,0.0792,1.0,0.2248,2026-09-14T23:00:00Z,229,0,0
20,v1.20,FedAvg,6,6,2400,0.0748,1.0,0.2163,2026-09-15T05:00:00Z,229,0,0
