update_id,round_id,site_id,device_id,scheduled_send_utc,deadline_utc,tx_start_utc,tx_end_utc,waited_offline_s,protocol,rssi_dbm,snr_db,lora_sf,link_latency_ms,packet_loss_pct,payload_bytes,fragments,retries,airtime_s,duty_cycle_wait_s,transfer_duration_s,radio_energy_mj,delivered,status
R01-SITE-A,1,SITE-A,ESP32-A01,2026-09-10T08:37:00Z,2026-09-10T11:00:00Z,2026-09-10T08:37:00Z,2026-09-10T08:37:00Z,0.0,WIFI,-56.2,,,31.9,0.06,297,1,0,0.033,0.0,0.38,191.7,True,RECEIVED
R01-SITE-B,1,SITE-B,ESP32-B01,2026-09-10T10:11:00Z,2026-09-10T11:00:00Z,2026-09-10T10:11:00Z,2026-09-10T10:11:00Z,0.0,WIFI,-53.5,,,37.4,0.28,297,1,0,0.039,0.0,0.39,194.5,True,RECEIVED
R01-SITE-C,1,SITE-C,ESP32-C01,2026-09-10T08:31:00Z,2026-09-10T11:00:00Z,2026-09-10T08:31:00Z,2026-09-10T08:33:30Z,0.0,LORA,-110.1,-7.6,8,231.2,0.81,297,2,0,1.504,148.9,150.4,180.5,True,RECEIVED
R01-SITE-D,1,SITE-D,ESP32-D01,2026-09-10T06:45:00Z,2026-09-10T11:00:00Z,2026-09-10T06:45:00Z,2026-09-10T06:45:01Z,0.0,LTE,-86.6,7.2,,131.1,0.41,297,1,0,0.132,0.0,1.93,2125.5,True,RECEIVED
R01-SITE-E,1,SITE-E,ESP32-E01,2026-09-10T08:30:00Z,2026-09-10T11:00:00Z,2026-09-10T08:30:00Z,2026-09-10T08:36:31Z,0.0,LORA,-118.8,-12.7,10,656.8,11.67,297,6,0,3.918,387.9,391.84,470.2,True,RECEIVED
R01-SITE-F,1,SITE-F,ESP32-F01,2026-09-10T07:38:00Z,2026-09-10T11:00:00Z,2026-09-10T07:38:00Z,2026-09-10T07:38:00Z,0.0,WIFI,-79.5,,,120.9,14.03,297,1,0,0.129,0.0,0.48,239.5,True,RECEIVED
R02-SITE-A,2,SITE-A,ESP32-A01,2026-09-10T16:03:00Z,2026-09-10T17:00:00Z,2026-09-10T16:03:00Z,2026-09-10T16:03:00Z,0.0,WIFI,-54.4,,,32.9,0.59,297,1,0,0.035,0.0,0.38,192.3,True,RECEIVED
R02-SITE-B,2,SITE-B,ESP32-B01,2026-09-10T16:36:00Z,2026-09-10T17:00:00Z,2026-09-10T16:36:00Z,2026-09-10T16:36:00Z,0.0,WIFI,-53.5,,,33.2,1.86,297,1,0,0.034,0.0,0.38,192.2,True,RECEIVED
R02-SITE-C,2,SITE-C,ESP32-C01,2026-09-10T15:18:00Z,2026-09-10T17:00:00Z,2026-09-10T15:18:00Z,2026-09-10T15:19:25Z,0.0,LORA,-106.3,-4.7,7,162.5,0.71,297,2,0,0.859,85.1,85.92,103.1,True,RECEIVED
R02-SITE-D,2,SITE-D,ESP32-D01,2026-09-10T12:17:00Z,2026-09-10T17:00:00Z,2026-09-10T12:17:00Z,2026-09-10T12:17:01Z,0.0,LTE,-88.6,7.9,,121.4,0.64,297,1,0,0.123,0.0,1.92,2114.9,True,RECEIVED
R02-SITE-E,2,SITE-E,ESP32-E01,2026-09-10T16:13:00Z,2026-09-10T17:00:00Z,2026-09-10T16:13:00Z,2026-09-10T16:25:00Z,0.0,LORA,-119.4,-13.8,10,656.6,14.35,297,6,5,7.184,711.2,720.87,862.0,True,RECEIVED
R02-SITE-F,2,SITE-F,ESP32-F01,2026-09-10T14:34:00Z,2026-09-10T17:00:00Z,2026-09-10T14:34:00Z,2026-09-10T14:34:00Z,0.0,WIFI,-81.2,,,163.9,22.06,297,1,1,0.0,0.0,0.85,175.0,False,FAILED
R03-SITE-A,3,SITE-A,ESP32-A01,2026-09-10T19:47:00Z,2026-09-10T23:00:00Z,2026-09-10T19:47:00Z,2026-09-10T19:47:00Z,0.0,WIFI,-49.7,,,33.4,0.29,297,1,0,0.035,0.0,0.39,192.5,True,RECEIVED
R03-SITE-B,3,SITE-B,ESP32-B01,2026-09-10T21:27:00Z,2026-09-10T23:00:00Z,2026-09-10T21:27:00Z,2026-09-10T21:27:00Z,0.0,WIFI,-50.4,,,36.1,0.47,297,1,0,0.037,0.0,0.39,193.7,True,RECEIVED
R03-SITE-C,3,SITE-C,ESP32-C01,2026-09-10T21:06:00Z,2026-09-10T23:00:00Z,2026-09-10T21:06:00Z,2026-09-10T21:08:30Z,0.0,LORA,-109.6,-6.9,8,262.4,2.1,297,2,0,1.504,148.9,150.4,180.5,True,RECEIVED
R03-SITE-D,3,SITE-D,ESP32-D01,2026-09-10T22:24:00Z,2026-09-10T23:00:00Z,2026-09-10T22:24:00Z,2026-09-10T22:24:02Z,0.0,LTE,-101.2,1.2,,385.0,23.22,297,1,0,0.389,0.0,2.19,2407.5,True,RECEIVED
R03-SITE-E,3,SITE-E,ESP32-E01,2026-09-10T21:12:00Z,2026-09-10T23:00:00Z,2026-09-10T21:12:00Z,2026-09-10T21:19:37Z,0.0,LORA,-120.7,-16.5,10,649.0,19.21,297,6,1,4.571,452.6,457.64,548.6,True,RECEIVED
R03-SITE-F,3,SITE-F,ESP32-F01,2026-09-10T21:21:00Z,2026-09-10T23:00:00Z,2026-09-10T21:21:00Z,2026-09-10T21:21:00Z,0.0,WIFI,-80.2,,,123.3,16.9,297,1,0,0.132,0.0,0.48,240.9,True,RECEIVED
R04-SITE-A,4,SITE-A,ESP32-A01,2026-09-11T03:44:00Z,2026-09-11T05:00:00Z,2026-09-11T03:44:00Z,2026-09-11T03:44:00Z,0.0,WIFI,-54.4,,,65.2,0.15,297,1,0,0.066,0.0,0.42,208.2,True,RECEIVED
R04-SITE-B,4,SITE-B,ESP32-B01,2026-09-11T03:59:00Z,2026-09-11T05:00:00Z,2026-09-11T03:59:00Z,2026-09-11T03:59:00Z,0.0,WIFI,-50.5,,,49.7,0.2,297,1,0,0.051,0.0,0.4,200.5,True,RECEIVED
R04-SITE-C,4,SITE-C,ESP32-C01,2026-09-11T04:16:00Z,2026-09-11T05:00:00Z,2026-09-11T04:16:00Z,2026-09-11T04:17:25Z,0.0,LORA,-105.9,-3.3,7,155.2,0.99,297,2,0,0.859,85.1,85.92,103.1,True,RECEIVED
R04-SITE-D,4,SITE-D,ESP32-D01,2026-09-11T01:27:00Z,2026-09-11T05:00:00Z,2026-09-11T01:27:00Z,2026-09-11T01:27:01Z,0.0,LTE,-86.1,9.6,,118.6,0.8,297,1,0,0.12,0.0,1.92,2111.7,True,RECEIVED
R04-SITE-E,4,SITE-E,ESP32-E01,2026-09-11T01:03:00Z,2026-09-11T05:00:00Z,2026-09-11T01:03:00Z,2026-09-11T01:11:43Z,0.0,LORA,-121.4,-14.4,10,672.2,24.18,297,6,2,5.224,517.2,523.45,626.9,True,RECEIVED
R04-SITE-F,4,SITE-F,ESP32-F01,2026-09-11T02:26:00Z,2026-09-11T05:00:00Z,2026-09-11T02:26:00Z,2026-09-11T02:26:00Z,0.0,WIFI,-80.8,,,141.3,19.9,297,1,0,0.152,0.0,0.5,251.1,True,RECEIVED
R05-SITE-A,5,SITE-A,ESP32-A01,2026-09-11T07:50:00Z,2026-09-11T11:00:00Z,2026-09-11T07:50:00Z,2026-09-11T07:50:00Z,0.0,WIFI,-53.1,,,26.7,0.35,297,1,0,0.028,0.0,0.38,189.0,True,RECEIVED
R05-SITE-B,5,SITE-B,ESP32-B01,2026-09-11T07:08:00Z,2026-09-11T11:00:00Z,2026-09-11T07:08:00Z,2026-09-11T07:08:00Z,0.0,WIFI,-55.3,,,40.0,0.18,297,1,0,0.041,0.0,0.39,195.7,True,RECEIVED
R05-SITE-C,5,SITE-C,ESP32-C01,2026-09-11T10:29:00Z,2026-09-11T11:00:00Z,2026-09-11T10:29:00Z,2026-09-11T10:32:38Z,0.0,LORA,-114.0,-11.9,9,379.4,2.68,297,3,0,2.182,216.0,218.18,261.8,True,RECEIVED
R05-SITE-D,5,SITE-D,ESP32-D01,2026-09-11T07:44:00Z,2026-09-11T11:00:00Z,2026-09-11T07:44:00Z,2026-09-11T07:44:01Z,0.0,LTE,-81.6,10.0,,138.5,0.59,297,1,0,0.139,0.0,1.94,2133.3,True,RECEIVED
R05-SITE-E,5,SITE-E,ESP32-E01,2026-09-11T06:32:00Z,2026-09-11T11:00:00Z,2026-09-11T06:32:00Z,2026-09-11T06:41:49Z,0.0,LORA,-119.4,-14.0,10,660.1,14.16,297,6,3,5.878,581.9,589.26,705.3,True,RECEIVED
R05-SITE-F,5,SITE-F,ESP32-F01,2026-09-11T07:12:00Z,2026-09-11T11:00:00Z,2026-09-11T07:12:00Z,2026-09-11T07:12:00Z,0.0,WIFI,-85.6,,,279.7,55.42,297,1,0,0.314,0.0,0.66,331.8,True,RECEIVED
R06-SITE-A,6,SITE-A,ESP32-A01,2026-09-11T16:23:00Z,2026-09-11T17:00:00Z,2026-09-11T16:23:00Z,2026-09-11T16:23:00Z,0.0,WIFI,-52.3,,,45.2,0.47,297,1,0,0.047,0.0,0.4,198.3,True,RECEIVED
R06-SITE-B,6,SITE-B,ESP32-B01,2026-09-11T14:58:00Z,2026-09-11T17:00:00Z,2026-09-11T14:58:00Z,2026-09-11T14:58:00Z,0.0,WIFI,-59.3,,,51.5,0.38,297,1,1,0.0,0.0,0.85,175.0,False,FAILED
R06-SITE-C,6,SITE-C,ESP32-C01,2026-09-11T16:05:00Z,2026-09-11T17:00:00Z,2026-09-11T16:05:00Z,2026-09-11T16:07:30Z,0.0,LORA,-107.9,-5.6,8,204.2,1.15,297,2,0,1.504,148.9,150.4,180.5,True,RECEIVED
R06-SITE-D,6,SITE-D,ESP32-D01,2026-09-11T16:07:00Z,2026-09-11T17:00:00Z,2026-09-11T16:07:00Z,2026-09-11T16:07:04Z,0.0,LTE,-107.8,-0.3,,694.9,72.14,297,1,2,2.12,0.0,4.92,4312.4,True,RECEIVED
R06-SITE-E,6,SITE-E,ESP32-E01,2026-09-11T13:28:00Z,2026-09-11T17:00:00Z,2026-09-11T13:28:00Z,2026-09-11T13:38:55Z,0.0,LORA,-123.0,-19.4,10,618.0,34.56,297,6,4,6.531,646.5,655.06,783.7,True,RECEIVED
R06-SITE-F,6,SITE-F,ESP32-F01,2026-09-11T15:53:00Z,2026-09-11T17:00:00Z,2026-09-11T15:53:00Z,2026-09-11T15:53:01Z,0.0,WIFI,-83.5,,,199.4,38.21,297,1,1,0.435,0.0,1.29,392.6,True,RECEIVED
R07-SITE-A,7,SITE-A,ESP32-A01,2026-09-11T22:26:00Z,2026-09-11T23:00:00Z,2026-09-11T22:26:00Z,2026-09-11T22:26:00Z,0.0,WIFI,-53.0,,,63.9,0.17,297,1,0,0.065,0.0,0.42,207.7,True,RECEIVED
R07-SITE-B,7,SITE-B,ESP32-B01,2026-09-11T19:47:00Z,2026-09-11T23:00:00Z,2026-09-11T19:47:00Z,2026-09-11T19:47:00Z,0.0,WIFI,-50.3,,,51.2,0.48,297,1,0,0.053,0.0,0.4,201.3,True,RECEIVED
R07-SITE-C,7,SITE-C,ESP32-C01,2026-09-11T21:56:00Z,2026-09-11T23:00:00Z,2026-09-11T21:56:00Z,2026-09-11T21:58:30Z,0.0,LORA,-109.1,-5.0,8,223.5,1.25,297,2,0,1.504,148.9,150.4,180.5,True,RECEIVED
R07-SITE-D,7,SITE-D,ESP32-D01,2026-09-11T19:56:00Z,2026-09-11T23:00:00Z,2026-09-11T19:56:00Z,2026-09-11T19:56:02Z,0.0,LTE,-96.8,5.4,,256.8,6.48,297,1,0,0.259,0.0,2.06,2264.7,True,RECEIVED
R07-SITE-E,7,SITE-E,ESP32-E01,2026-09-11T18:58:00Z,2026-09-11T23:00:00Z,2026-09-11T18:58:00Z,2026-09-11T19:04:31Z,0.0,LORA,-120.8,-17.1,10,667.8,20.21,297,6,0,3.918,387.9,391.84,470.2,True,RECEIVED
R07-SITE-F,7,SITE-F,ESP32-F01,2026-09-11T22:25:00Z,2026-09-11T23:00:00Z,2026-09-11T22:25:00Z,2026-09-11T22:25:01Z,0.0,WIFI,-76.4,,,86.9,5.76,297,1,1,0.183,0.0,1.03,266.6,True,RECEIVED
R08-SITE-A,8,SITE-A,ESP32-A01,2026-09-12T00:49:00Z,2026-09-12T05:00:00Z,2026-09-12T00:49:00Z,2026-09-12T00:49:00Z,0.0,WIFI,-48.8,,,52.6,0.22,297,1,0,0.054,0.0,0.4,202.0,True,RECEIVED
R08-SITE-B,8,SITE-B,ESP32-B01,2026-09-12T04:37:00Z,2026-09-12T05:00:00Z,2026-09-12T04:37:00Z,2026-09-12T04:37:00Z,0.0,WIFI,-54.0,,,50.3,0.55,297,1,0,0.052,0.0,0.4,200.8,True,RECEIVED
R08-SITE-C,8,SITE-C,ESP32-C01,2026-09-12T00:30:00Z,2026-09-12T05:00:00Z,2026-09-12T00:30:00Z,2026-09-12T00:32:30Z,0.0,LORA,-109.3,-4.4,8,223.2,0.99,297,2,0,1.504,148.9,150.4,180.5,True,RECEIVED
R08-SITE-D,8,SITE-D,ESP32-D01,2026-09-12T04:08:00Z,2026-09-12T05:00:00Z,2026-09-12T04:08:00Z,2026-09-12T04:08:01Z,0.0,LTE,-83.2,6.9,,103.8,1.58,297,1,0,0.105,0.0,1.9,2095.3,True,RECEIVED
R08-SITE-E,8,SITE-E,ESP32-E01,2026-09-12T04:17:00Z,2026-09-12T05:00:00Z,2026-09-12T04:33:00Z,2026-09-12T04:36:38Z,960.0,LORA,-116.3,-12.9,9,375.1,5.51,297,3,0,2.182,216.0,218.18,261.8,True,RECEIVED
R08-SITE-F,8,SITE-F,ESP32-F01,2026-09-12T01:33:00Z,2026-09-12T05:00:00Z,2026-09-12T01:33:00Z,2026-09-12T01:33:00Z,0.0,WIFI,-72.9,,,52.1,3.71,297,1,0,0.055,0.0,0.4,202.5,True,RECEIVED
R09-SITE-A,9,SITE-A,ESP32-A01,2026-09-12T06:16:00Z,2026-09-12T11:00:00Z,2026-09-12T06:16:00Z,2026-09-12T06:16:00Z,0.0,WIFI,-54.1,,,66.5,0.27,297,1,0,0.068,0.0,0.42,209.0,True,RECEIVED
R09-SITE-B,9,SITE-B,ESP32-B01,2026-09-12T06:48:00Z,2026-09-12T11:00:00Z,2026-09-12T06:48:00Z,2026-09-12T06:48:00Z,0.0,WIFI,-58.0,,,68.5,0.24,297,1,0,0.07,0.0,0.42,209.9,True,RECEIVED
R09-SITE-C,9,SITE-C,ESP32-C01,2026-09-12T06:28:00Z,2026-09-12T11:00:00Z,2026-09-12T06:28:00Z,2026-09-12T06:29:25Z,0.0,LORA,-105.3,-1.1,7,169.4,0.66,297,2,0,0.859,85.1,85.92,103.1,True,RECEIVED
R09-SITE-D,9,SITE-D,ESP32-D01,2026-09-12T09:48:00Z,2026-09-12T11:00:00Z,2026-09-12T09:48:00Z,2026-09-12T09:48:01Z,0.0,LTE,-77.6,12.9,,111.6,0.4,297,1,0,0.113,0.0,1.91,2104.0,True,RECEIVED
R09-SITE-E,9,SITE-E,ESP32-E01,2026-09-12T06:13:00Z,2026-09-12T11:00:00Z,2026-09-12T06:13:00Z,2026-09-12T06:15:30Z,0.0,LORA,-111.7,-10.7,8,231.2,1.74,297,2,0,1.504,148.9,150.4,180.5,True,RECEIVED
R09-SITE-F,9,SITE-F,ESP32-F01,2026-09-12T06:36:00Z,2026-09-12T11:00:00Z,2026-09-12T06:36:00Z,2026-09-12T06:36:00Z,0.0,WIFI,-71.9,,,52.1,1.92,297,1,0,0.054,0.0,0.4,202.1,True,RECEIVED
R10-SITE-A,10,SITE-A,ESP32-A01,2026-09-12T13:58:00Z,2026-09-12T17:00:00Z,2026-09-12T13:58:00Z,2026-09-12T13:58:00Z,0.0,WIFI,-54.6,,,67.3,1.02,297,1,0,0.069,0.0,0.42,209.3,True,RECEIVED
R10-SITE-B,10,SITE-B,ESP32-B01,2026-09-12T15:02:00Z,2026-09-12T17:00:00Z,2026-09-12T15:02:00Z,2026-09-12T15:02:00Z,0.0,WIFI,-53.5,,,45.8,0.11,297,1,0,0.047,0.0,0.4,198.7,True,RECEIVED
R10-SITE-C,10,SITE-C,ESP32-C01,2026-09-12T14:44:00Z,2026-09-12T17:00:00Z,2026-09-12T14:44:00Z,2026-09-12T14:46:30Z,0.0,LORA,-111.8,-9.3,8,217.7,1.5,297,2,0,1.504,148.9,150.4,180.5,True,RECEIVED
R10-SITE-D,10,SITE-D,ESP32-D01,2026-09-12T13:42:00Z,2026-09-12T17:00:00Z,2026-09-12T13:42:00Z,2026-09-12T13:42:04Z,0.0,LTE,-103.5,1.1,,522.8,38.05,297,1,2,1.589,0.0,4.39,3728.0,True,RECEIVED
R10-SITE-E,10,SITE-E,ESP32-E01,2026-09-12T16:21:00Z,2026-09-12T17:00:00Z,2026-09-12T16:21:00Z,2026-09-12T16:27:31Z,0.0,LORA,-118.7,-15.7,10,625.7,10.88,297,6,0,3.918,387.9,391.84,470.2,True,RECEIVED
R10-SITE-F,10,SITE-F,ESP32-F01,2026-09-12T15:29:00Z,2026-09-12T17:00:00Z,2026-09-12T17:19:00Z,2026-09-12T17:19:00Z,6600.0,WIFI,-80.9,,,146.9,20.72,297,1,0,0.158,0.0,0.51,254.2,True,LATE
R11-SITE-A,11,SITE-A,ESP32-A01,2026-09-12T20:31:00Z,2026-09-12T23:00:00Z,2026-09-12T20:31:00Z,2026-09-12T20:31:00Z,0.0,WIFI,-50.7,,,40.7,0.64,297,1,0,0.042,0.0,0.39,196.0,True,RECEIVED
R11-SITE-B,11,SITE-B,ESP32-B01,2026-09-12T21:40:00Z,2026-09-12T23:00:00Z,2026-09-12T21:40:00Z,2026-09-12T21:40:00Z,0.0,WIFI,-50.8,,,86.0,0.35,297,1,0,0.088,0.0,0.44,218.8,True,RECEIVED
R11-SITE-C,11,SITE-C,ESP32-C01,2026-09-12T18:05:00Z,2026-09-12T23:00:00Z,2026-09-12T18:27:00Z,2026-09-12T18:29:30Z,1320.0,LORA,-111.2,-5.6,8,238.1,1.4,297,2,0,1.504,148.9,150.4,180.5,True,RECEIVED
R11-SITE-D,11,SITE-D,ESP32-D01,2026-09-12T20:52:00Z,2026-09-12T23:00:00Z,2026-09-12T20:52:00Z,2026-09-12T20:52:02Z,0.0,LTE,-97.8,7.1,,364.0,8.34,297,1,0,0.367,0.0,2.17,2383.6,True,RECEIVED
R11-SITE-E,11,SITE-E,ESP32-E01,2026-09-12T20:25:00Z,2026-09-12T23:00:00Z,2026-09-12T20:25:00Z,2026-09-12T20:32:37Z,0.0,LORA,-119.9,-16.1,10,640.2,15.54,297,6,1,4.571,452.6,457.64,548.6,True,RECEIVED
R11-SITE-F,11,SITE-F,ESP32-F01,2026-09-12T19:10:00Z,2026-09-12T23:00:00Z,2026-09-12T19:10:00Z,2026-09-12T19:10:00Z,0.0,WIFI,-81.3,,,157.2,23.13,297,1,1,0.0,0.0,0.85,175.0,False,FAILED
R12-SITE-A,12,SITE-A,ESP32-A01,2026-09-13T04:10:00Z,2026-09-13T05:00:00Z,2026-09-13T04:10:00Z,2026-09-13T04:10:00Z,0.0,WIFI,-49.3,,,29.7,0.93,297,1,0,0.031,0.0,0.38,190.5,True,RECEIVED
R12-SITE-B,12,SITE-B,ESP32-B01,2026-09-13T01:10:00Z,2026-09-13T05:00:00Z,2026-09-13T01:10:00Z,2026-09-13T01:10:00Z,0.0,WIFI,-50.8,,,29.9,0.12,297,1,0,0.031,0.0,0.38,190.7,True,RECEIVED
R12-SITE-C,12,SITE-C,ESP32-C01,2026-09-13T03:46:00Z,2026-09-13T05:00:00Z,2026-09-13T03:46:00Z,2026-09-13T03:48:30Z,0.0,LORA,-111.3,-7.4,8,208.8,1.32,297,2,0,1.504,148.9,150.4,180.5,True,RECEIVED
R12-SITE-D,12,SITE-D,ESP32-D01,2026-09-13T04:11:00Z,2026-09-13T05:00:00Z,2026-09-13T04:11:00Z,2026-09-13T04:11:01Z,0.0,LTE,-90.6,8.5,,139.6,1.02,297,1,0,0.141,0.0,1.94,2135.2,True,RECEIVED
R12-SITE-E,12,SITE-E,ESP32-E01,2026-09-13T04:06:00Z,2026-09-13T05:00:00Z,2026-09-13T04:06:00Z,2026-09-13T04:10:51Z,0.0,LORA,-116.9,-13.1,9,355.3,6.72,297,3,1,2.909,288.0,291.41,349.1,True,RECEIVED
R12-SITE-F,12,SITE-F,ESP32-F01,2026-09-13T04:11:00Z,2026-09-13T05:00:00Z,2026-09-13T04:18:00Z,2026-09-13T04:18:00Z,420.0,WIFI,-81.7,,,172.8,27.85,297,1,0,0.185,0.0,0.53,267.3,True,RECEIVED
R13-SITE-A,13,SITE-A,ESP32-A01,2026-09-13T09:28:00Z,2026-09-13T11:00:00Z,2026-09-13T09:28:00Z,2026-09-13T09:28:00Z,0.0,WIFI,-49.2,,,64.6,1.15,297,1,0,0.066,0.0,0.42,208.0,True,RECEIVED
R13-SITE-B,13,SITE-B,ESP32-B01,2026-09-13T06:30:00Z,2026-09-13T11:00:00Z,2026-09-13T06:30:00Z,2026-09-13T06:30:00Z,0.0,WIFI,-57.3,,,44.7,0.63,297,1,0,0.046,0.0,0.4,198.0,True,RECEIVED
R13-SITE-C,13,SITE-C,ESP32-C01,2026-09-13T08:07:00Z,2026-09-13T11:00:00Z,2026-09-13T08:07:00Z,2026-09-13T08:09:30Z,0.0,LORA,-108.5,-6.3,8,214.6,0.57,297,2,0,1.504,148.9,150.4,180.5,True,RECEIVED
R13-SITE-D,13,SITE-D,ESP32-D01,2026-09-13T10:36:00Z,2026-09-13T11:00:00Z,2026-09-13T10:36:00Z,2026-09-13T10:36:01Z,0.0,LTE,-83.9,9.6,,119.6,0.76,297,1,0,0.12,0.0,1.92,2112.5,True,RECEIVED
R13-SITE-E,13,SITE-E,ESP32-E01,2026-09-13T09:07:00Z,2026-09-13T11:00:00Z,2026-09-13T09:07:00Z,2026-09-13T09:15:43Z,0.0,LORA,-121.9,-16.0,10,652.1,26.08,297,6,2,5.224,517.2,523.45,626.9,True,RECEIVED
R13-SITE-F,13,SITE-F,ESP32-F01,2026-09-13T07:56:00Z,2026-09-13T11:00:00Z,2026-09-13T07:56:00Z,2026-09-13T07:56:00Z,0.0,WIFI,-79.5,,,118.4,14.59,297,1,0,0.126,0.0,0.48,238.2,True,RECEIVED
R14-SITE-A,14,SITE-A,ESP32-A01,2026-09-13T13:23:00Z,2026-09-13T17:00:00Z,2026-09-13T13:23:00Z,2026-09-13T13:23:00Z,0.0,WIFI,-52.6,,,47.4,1.7,297,1,0,0.049,0.0,0.4,199.5,True,RECEIVED
R14-SITE-B,14,SITE-B,ESP32-B01,2026-09-13T12:34:00Z,2026-09-13T17:00:00Z,2026-09-13T12:34:00Z,2026-09-13T12:34:00Z,0.0,WIFI,-51.4,,,40.1,0.1,297,1,0,0.041,0.0,0.39,195.7,True,RECEIVED
R14-SITE-C,14,SITE-C,ESP32-C01,2026-09-13T13:34:00Z,2026-09-13T17:00:00Z,2026-09-13T13:34:00Z,2026-09-13T13:35:25Z,0.0,LORA,-106.2,-2.8,7,166.1,0.39,297,2,0,0.859,85.1,85.92,103.1,True,RECEIVED
R14-SITE-D,14,SITE-D,ESP32-D01,2026-09-13T16:04:00Z,2026-09-13T17:00:00Z,2026-09-13T16:04:00Z,2026-09-13T16:04:01Z,0.0,LTE,-80.6,14.3,,88.8,0.2,297,1,0,0.09,0.0,1.89,2078.6,True,RECEIVED
R14-SITE-E,14,SITE-E,ESP32-E01,2026-09-13T13:57:00Z,2026-09-13T17:00:00Z,2026-09-13T13:57:00Z,2026-09-13T14:00:38Z,0.0,LORA,-114.9,-10.3,9,380.3,4.24,297,3,0,2.182,216.0,218.18,261.8,True,RECEIVED
R14-SITE-F,14,SITE-F,ESP32-F01,2026-09-13T16:41:00Z,2026-09-13T17:00:00Z,2026-09-13T16:41:00Z,2026-09-13T16:41:00Z,0.0,WIFI,-71.1,,,51.6,2.19,297,1,0,0.054,0.0,0.4,201.8,True,RECEIVED
R15-SITE-A,15,SITE-A,ESP32-A01,2026-09-13T22:11:00Z,2026-09-13T23:00:00Z,2026-09-13T22:11:00Z,2026-09-13T22:11:00Z,0.0,WIFI,-54.8,,,48.5,0.42,297,1,0,0.05,0.0,0.4,199.9,True,RECEIVED
R15-SITE-B,15,SITE-B,ESP32-B01,2026-09-13T18:58:00Z,2026-09-13T23:00:00Z,2026-09-13T18:58:00Z,2026-09-13T18:58:00Z,0.0,WIFI,-52.1,,,30.0,0.16,297,1,0,0.032,0.0,0.38,190.8,True,RECEIVED
R15-SITE-C,15,SITE-C,ESP32-C01,2026-09-13T21:08:00Z,2026-09-13T23:00:00Z,2026-09-13T21:08:00Z,2026-09-13T21:09:25Z,0.0,LORA,-104.8,-0.4,7,153.5,0.32,297,2,0,0.859,85.1,85.92,103.1,True,RECEIVED
R15-SITE-D,15,SITE-D,ESP32-D01,2026-09-13T19:41:00Z,2026-09-13T23:00:00Z,2026-09-13T19:41:00Z,2026-09-13T19:41:02Z,0.0,LTE,-99.7,2.9,,393.1,15.83,297,1,0,0.396,0.0,2.2,2415.3,True,RECEIVED
R15-SITE-E,15,SITE-E,ESP32-E01,2026-09-13T18:16:00Z,2026-09-13T23:00:00Z,2026-09-13T18:16:00Z,2026-09-13T18:20:22Z,0.0,LORA,-127.0,-20.0,10,642.7,66.1,297,6,3,2.612,258.6,262.72,313.5,False,FAILED
R15-SITE-F,15,SITE-F,ESP32-F01,2026-09-13T19:58:00Z,2026-09-13T23:00:00Z,2026-09-13T19:58:00Z,2026-09-13T19:58:00Z,0.0,WIFI,-75.2,,,112.3,3.88,297,1,0,0.117,0.0,0.47,233.3,True,RECEIVED
R16-SITE-A,16,SITE-A,ESP32-A01,2026-09-14T04:10:00Z,2026-09-14T05:00:00Z,2026-09-14T04:10:00Z,2026-09-14T04:10:00Z,0.0,WIFI,-48.0,,,26.9,0.38,297,1,0,0.028,0.0,0.38,189.1,True,RECEIVED
R16-SITE-B,16,SITE-B,ESP32-B01,2026-09-14T03:15:00Z,2026-09-14T05:00:00Z,2026-09-14T03:15:00Z,2026-09-14T03:15:00Z,0.0,WIFI,-52.5,,,44.9,0.73,297,1,0,0.046,0.0,0.4,198.1,True,RECEIVED
R16-SITE-C,16,SITE-C,ESP32-C01,2026-09-14T03:10:00Z,2026-09-14T05:00:00Z,2026-09-14T03:10:00Z,2026-09-14T03:12:30Z,0.0,LORA,-111.4,-8.6,8,197.1,1.09,297,2,0,1.504,148.9,150.4,180.5,True,RECEIVED
R16-SITE-D,16,SITE-D,ESP32-D01,2026-09-14T02:15:00Z,2026-09-14T05:00:00Z,2026-09-14T02:15:00Z,2026-09-14T02:15:01Z,0.0,LTE,-87.8,7.3,,142.7,1.4,297,1,0,0.144,0.0,1.94,2138.1,True,RECEIVED
R16-SITE-E,16,SITE-E,ESP32-E01,2026-09-14T01:17:00Z,2026-09-14T05:00:00Z,2026-09-14T01:17:00Z,2026-09-14T01:24:37Z,0.0,LORA,-122.4,-17.5,10,628.3,32.05,297,6,1,4.571,452.6,457.64,548.6,True,RECEIVED
R16-SITE-F,16,SITE-F,ESP32-F01,2026-09-14T00:19:00Z,2026-09-14T05:00:00Z,2026-09-14T00:19:00Z,2026-09-14T00:19:00Z,0.0,WIFI,-75.4,,,61.4,4.01,297,1,0,0.065,0.0,0.41,207.5,True,RECEIVED
R17-SITE-A,17,SITE-A,ESP32-A01,2026-09-14T06:09:00Z,2026-09-14T11:00:00Z,2026-09-14T06:09:00Z,2026-09-14T06:09:00Z,0.0,WIFI,-53.2,,,56.2,0.19,297,1,0,0.058,0.0,0.41,203.8,True,RECEIVED
R17-SITE-B,17,SITE-B,ESP32-B01,2026-09-14T08:28:00Z,2026-09-14T11:00:00Z,2026-09-14T08:28:00Z,2026-09-14T08:28:00Z,0.0,WIFI,-52.8,,,45.4,1.48,297,1,0,0.047,0.0,0.4,198.5,True,RECEIVED
R17-SITE-C,17,SITE-C,ESP32-C01,2026-09-14T09:29:00Z,2026-09-14T11:00:00Z,2026-09-14T09:29:00Z,2026-09-14T09:31:30Z,0.0,LORA,-111.6,-7.7,8,201.1,1.34,297,2,0,1.504,148.9,150.4,180.5,True,RECEIVED
R17-SITE-D,17,SITE-D,ESP32-D01,2026-09-14T06:40:00Z,2026-09-14T11:00:00Z,2026-09-14T06:40:00Z,2026-09-14T06:40:01Z,0.0,LTE,-83.3,13.0,,166.8,0.19,297,1,0,0.168,0.0,1.97,2164.5,True,RECEIVED
R17-SITE-E,17,SITE-E,ESP32-E01,2026-09-14T08:19:00Z,2026-09-14T11:00:00Z,2026-09-14T08:19:00Z,2026-09-14T08:22:38Z,0.0,LORA,-117.9,-16.5,9,412.5,8.52,297,3,0,2.182,216.0,218.18,261.8,True,RECEIVED
R17-SITE-F,17,SITE-F,ESP32-F01,2026-09-14T08:17:00Z,2026-09-14T11:00:00Z,2026-09-14T08:17:00Z,2026-09-14T08:17:00Z,0.0,WIFI,-78.1,,,122.2,9.31,297,1,1,0.0,0.0,0.85,175.0,False,FAILED
R18-SITE-A,18,SITE-A,ESP32-A01,2026-09-14T13:46:00Z,2026-09-14T17:00:00Z,2026-09-14T13:46:00Z,2026-09-14T13:46:00Z,0.0,WIFI,-55.5,,,49.2,0.56,297,1,0,0.05,0.0,0.4,200.2,True,RECEIVED
R18-SITE-B,18,SITE-B,ESP32-B01,2026-09-14T14:12:00Z,2026-09-14T17:00:00Z,2026-09-14T14:12:00Z,2026-09-14T14:12:00Z,0.0,WIFI,-58.2,,,71.7,0.08,297,1,0,0.073,0.0,0.42,211.5,True,RECEIVED
R18-SITE-C,18,SITE-C,ESP32-C01,2026-09-14T15:36:00Z,2026-09-14T17:00:00Z,2026-09-14T15:36:00Z,2026-09-14T15:38:30Z,0.0,LORA,-109.0,-4.1,8,232.8,1.3,297,2,0,1.504,148.9,150.4,180.5,True,RECEIVED
R18-SITE-D,18,SITE-D,ESP32-D01,2026-09-14T14:04:00Z,2026-09-14T17:00:00Z,2026-09-14T14:04:00Z,2026-09-14T14:04:01Z,0.0,LTE,-92.2,4.5,,172.7,1.68,297,1,0,0.174,0.0,1.97,2171.6,True,RECEIVED
R18-SITE-E,18,SITE-E,ESP32-E01,2026-09-14T15:59:00Z,2026-09-14T17:00:00Z,2026-09-14T15:59:00Z,2026-09-14T16:06:37Z,0.0,LORA,-118.5,-13.2,10,630.3,10.64,297,6,1,4.571,452.6,457.64,548.6,True,RECEIVED
R18-SITE-F,18,SITE-F,ESP32-F01,2026-09-14T13:54:00Z,2026-09-14T17:00:00Z,2026-09-14T13:54:00Z,2026-09-14T13:54:01Z,0.0,WIFI,-79.6,,,123.4,14.2,297,1,1,0.264,0.0,1.11,307.0,True,RECEIVED
R19-SITE-A,19,SITE-A,ESP32-A01,2026-09-14T18:20:00Z,2026-09-14T23:00:00Z,2026-09-14T18:20:00Z,2026-09-14T18:20:00Z,0.0,WIFI,-50.8,,,31.4,0.39,297,1,0,0.033,0.0,0.38,191.5,True,RECEIVED
R19-SITE-B,19,SITE-B,ESP32-B01,2026-09-14T21:53:00Z,2026-09-14T23:00:00Z,2026-09-14T21:53:00Z,2026-09-14T21:53:00Z,0.0,WIFI,-47.5,,,34.2,0.1,297,1,0,0.036,0.0,0.39,192.9,True,RECEIVED
R19-SITE-C,19,SITE-C,ESP32-C01,2026-09-14T21:50:00Z,2026-09-14T23:00:00Z,2026-09-14T21:50:00Z,2026-09-14T21:51:25Z,0.0,LORA,-105.4,-3.0,7,135.5,1.22,297,2,0,0.859,85.1,85.92,103.1,True,RECEIVED
R19-SITE-D,19,SITE-D,ESP32-D01,2026-09-14T21:44:00Z,2026-09-14T23:00:00Z,2026-09-14T21:44:00Z,2026-09-14T21:44:01Z,0.0,LTE,-81.7,7.2,,118.1,0.39,297,1,0,0.119,0.0,1.92,2110.9,True,RECEIVED
R19-SITE-E,19,SITE-E,ESP32-E01,2026-09-14T19:07:00Z,2026-09-14T23:00:00Z,2026-09-14T19:07:00Z,2026-09-14T19:16:49Z,0.0,LORA,-122.8,-20.0,10,649.4,33.25,297,6,3,5.878,581.9,589.26,705.3,True,RECEIVED
R19-SITE-F,19,SITE-F,ESP32-F01,2026-09-14T19:07:00Z,2026-09-14T23:00:00Z,2026-09-14T19:07:00Z,2026-09-14T19:07:00Z,0.0,WIFI,-80.1,,,151.6,16.37,297,1,0,0.161,0.0,0.51,255.5,True,RECEIVED
R20-SITE-A,20,SITE-A,ESP32-A01,2026-09-15T03:41:00Z,2026-09-15T05:00:00Z,2026-09-15T03:41:00Z,2026-09-15T03:41:00Z,0.0,WIFI,-50.9,,,35.4,0.05,297,1,0,0.037,0.0,0.39,193.4,True,RECEIVED
R20-SITE-B,20,SITE-B,ESP32-B01,2026-09-15T03:20:00Z,2026-09-15T05:00:00Z,2026-09-15T03:20:00Z,2026-09-15T03:20:00Z,0.0,WIFI,-48.2,,,52.5,0.55,297,1,0,0.054,0.0,0.4,202.0,True,RECEIVED
R20-SITE-C,20,SITE-C,ESP32-C01,2026-09-15T01:43:00Z,2026-09-15T05:00:00Z,2026-09-15T01:43:00Z,2026-09-15T01:44:25Z,0.0,LORA,-100.6,3.0,7,133.5,0.55,297,2,0,0.859,85.1,85.92,103.1,True,RECEIVED
R20-SITE-D,20,SITE-D,ESP32-D01,2026-09-15T02:14:00Z,2026-09-15T05:00:00Z,2026-09-15T02:14:00Z,2026-09-15T02:14:01Z,0.0,LTE,-85.0,13.4,,95.9,0.48,297,1,0,0.097,0.0,1.9,2086.7,True,RECEIVED
R20-SITE-E,20,SITE-E,ESP32-E01,2026-09-15T01:49:00Z,2026-09-15T05:00:00Z,2026-09-15T01:49:00Z,2026-09-15T01:52:38Z,0.0,LORA,-116.5,-12.2,9,351.4,5.8,297,3,0,2.182,216.0,218.18,261.8,True,RECEIVED
R20-SITE-F,20,SITE-F,ESP32-F01,2026-09-15T03:35:00Z,2026-09-15T05:00:00Z,2026-09-15T03:35:00Z,2026-09-15T03:35:00Z,0.0,WIFI,-71.8,,,64.9,1.57,297,1,0,0.067,0.0,0.42,208.6,True,RECEIVED
