round_id,global_model_version,aggregation,published_at_utc,site_id,device_id,protocol,ota_status,ota_method,deployed_at_utc,site_update_status,site_num_samples,site_local_accuracy,clients_received,global_val_accuracy,global_val_loss,ota_bytes,ota_waited_offline_s,ota_rssi_dbm,ota_packet_loss_pct,ota_fragments,ota_retries,ota_duration_s
0,v1.0,init,2026-09-10T00:00:00Z,SITE-A,ESP32-A01,WIFI,SUCCESS,USB_FLASH,2026-09-10T00:00:00Z,N/A,,,0,0.3033,1.5135,,,,,,,
0,v1.0,init,2026-09-10T00:00:00Z,SITE-B,ESP32-B01,WIFI,SUCCESS,USB_FLASH,2026-09-10T00:00:00Z,N/A,,,0,0.3033,1.5135,,,,,,,
0,v1.0,init,2026-09-10T00:00:00Z,SITE-C,ESP32-C01,LORA,SUCCESS,USB_FLASH,2026-09-10T00:00:00Z,N/A,,,0,0.3033,1.5135,,,,,,,
0,v1.0,init,2026-09-10T00:00:00Z,SITE-D,ESP32-D01,LTE,SUCCESS,USB_FLASH,2026-09-10T00:00:00Z,N/A,,,0,0.3033,1.5135,,,,,,,
0,v1.0,init,2026-09-10T00:00:00Z,SITE-E,ESP32-E01,LORA,SUCCESS,USB_FLASH,2026-09-10T00:00:00Z,N/A,,,0,0.3033,1.5135,,,,,,,
0,v1.0,init,2026-09-10T00:00:00Z,SITE-F,ESP32-F01,WIFI,SUCCESS,USB_FLASH,2026-09-10T00:00:00Z,N/A,,,0,0.3033,1.5135,,,,,,,
1,v1.1,FedAvg,2026-09-10T11:00:00Z,SITE-A,ESP32-A01,WIFI,SUCCESS,OTA,2026-09-10T11:08:04Z,RECEIVED,480,1.0,6,0.7983,0.7473,357,0.0,-56.4,0.3,1,0,0.38
1,v1.1,FedAvg,2026-09-10T11:00:00Z,SITE-B,ESP32-B01,WIFI,SUCCESS,OTA,2026-09-10T11:18:04Z,RECEIVED,360,1.0,6,0.7983,0.7473,357,0.0,-52.7,0.1,1,0,0.38
1,v1.1,FedAvg,2026-09-10T11:00:00Z,SITE-C,ESP32-C01,LORA,SUCCESS,OTA,2026-09-10T11:11:34Z,RECEIVED,420,1.0,6,0.7983,0.7473,357,0.0,-111.4,1.32,2,0,150.4
1,v1.1,FedAvg,2026-09-10T11:00:00Z,SITE-D,ESP32-D01,LTE,SUCCESS,OTA,2026-09-10T11:09:05Z,RECEIVED,240,1.0,6,0.7983,0.7473,357,0.0,-90.1,1.45,1,0,1.97
1,v1.1,FedAvg,2026-09-10T11:00:00Z,SITE-E,ESP32-E01,LORA,SUCCESS,OTA,2026-09-10T11:25:04Z,RECEIVED,480,1.0,6,0.7983,0.7473,357,0.0,-123.8,40.37,7,4,720.37
1,v1.1,FedAvg,2026-09-10T11:00:00Z,SITE-F,ESP32-F01,WIFI,SUCCESS,OTA,2026-09-10T11:17:05Z,RECEIVED,420,0.8571,6,0.7983,0.7473,357,0.0,-78.8,13.72,1,1,1.09
2,v1.2,FedAvg,2026-09-10T17:00:00Z,SITE-A,ESP32-A01,WIFI,SUCCESS,OTA,2026-09-10T17:18:04Z,RECEIVED,480,1.0,5,0.8033,0.5722,357,0.0,-50.7,0.39,1,0,0.45
2,v1.2,FedAvg,2026-09-10T17:00:00Z,SITE-B,ESP32-B01,WIFI,SUCCESS,OTA,2026-09-10T17:11:04Z,RECEIVED,360,1.0,5,0.8033,0.5722,357,0.0,-54.0,0.91,1,0,0.38
2,v1.2,FedAvg,2026-09-10T17:00:00Z,SITE-C,ESP32-C01,LORA,SUCCESS,OTA,2026-09-10T17:09:29Z,RECEIVED,420,1.0,5,0.8033,0.5722,357,0.0,-102.5,0.17,2,0,85.92
2,v1.2,FedAvg,2026-09-10T17:00:00Z,SITE-D,ESP32-D01,LTE,SUCCESS,OTA,2026-09-10T17:04:05Z,RECEIVED,240,1.0,5,0.8033,0.5722,357,0.0,-90.2,2.54,1,0,1.95
2,v1.2,FedAvg,2026-09-10T17:00:00Z,SITE-E,ESP32-E01,LORA,SUCCESS,OTA,2026-09-10T17:09:08Z,RECEIVED,480,1.0,5,0.8033,0.5722,357,0.0,-116.3,5.75,4,1,364.14
2,v1.2,FedAvg,2026-09-10T17:00:00Z,SITE-F,ESP32-F01,WIFI,SUCCESS,OTA,2026-09-10T17:07:04Z,FAILED,420,,5,0.8033,0.5722,357,0.0,-79.2,12.66,1,0,0.48
3,v1.3,FedAvg,2026-09-10T23:00:00Z,SITE-A,ESP32-A01,WIFI,SUCCESS,OTA,2026-09-10T23:13:04Z,RECEIVED,480,1.0,6,0.8,0.4726,357,0.0,-53.0,0.42,1,0,0.4
3,v1.3,FedAvg,2026-09-10T23:00:00Z,SITE-B,ESP32-B01,WIFI,SUCCESS,OTA,2026-09-10T23:02:04Z,RECEIVED,360,1.0,6,0.8,0.4726,357,0.0,-51.4,0.42,1,0,0.4
3,v1.3,FedAvg,2026-09-10T23:00:00Z,SITE-C,ESP32-C01,LORA,SUCCESS,OTA,2026-09-10T23:21:34Z,RECEIVED,420,1.0,6,0.8,0.4726,357,0.0,-111.7,1.46,2,0,150.4
3,v1.3,FedAvg,2026-09-10T23:00:00Z,SITE-D,ESP32-D01,LTE,SUCCESS,OTA,2026-09-10T23:05:06Z,RECEIVED,240,1.0,6,0.8,0.4726,357,0.0,-95.7,4.52,1,0,2.04
3,v1.3,FedAvg,2026-09-10T23:00:00Z,SITE-E,ESP32-E01,LORA,SUCCESS,OTA,2026-09-10T23:11:54Z,RECEIVED,480,1.0,6,0.8,0.4726,357,0.0,-117.1,7.43,4,0,290.91
3,v1.3,FedAvg,2026-09-10T23:00:00Z,SITE-F,ESP32-F01,WIFI,SUCCESS,OTA,2026-09-10T23:15:04Z,RECEIVED,420,1.0,6,0.8,0.4726,357,0.0,-82.9,33.81,1,0,0.55
4,v1.4,FedAvg,2026-09-11T05:00:00Z,SITE-A,ESP32-A01,WIFI,SUCCESS,OTA,2026-09-11T05:04:04Z,RECEIVED,480,1.0,6,0.8117,0.3889,357,0.0,-51.0,1.0,1,0,0.4
4,v1.4,FedAvg,2026-09-11T05:00:00Z,SITE-B,ESP32-B01,WIFI,SUCCESS,OTA,2026-09-11T05:11:04Z,RECEIVED,360,1.0,6,0.8117,0.3889,357,0.0,-52.5,0.51,1,0,0.4
4,v1.4,FedAvg,2026-09-11T05:00:00Z,SITE-C,ESP32-C01,LORA,SUCCESS,OTA,2026-09-11T05:17:34Z,RECEIVED,420,1.0,6,0.8117,0.3889,357,0.0,-107.2,0.42,2,0,150.4
4,v1.4,FedAvg,2026-09-11T05:00:00Z,SITE-D,ESP32-D01,LTE,SUCCESS,OTA,2026-09-11T05:16:05Z,RECEIVED,240,1.0,6,0.8117,0.3889,357,0.0,-88.3,0.43,1,0,1.94
4,v1.4,FedAvg,2026-09-11T05:00:00Z,SITE-E,ESP32-E01,LORA,SUCCESS,OTA,2026-09-11T05:14:54Z,RECEIVED,480,1.0,6,0.8117,0.3889,357,0.0,-116.2,5.61,4,0,290.91
4,v1.4,FedAvg,2026-09-11T05:00:00Z,SITE-F,ESP32-F01,WIFI,SUCCESS,OTA,2026-09-11T05:02:05Z,RECEIVED,420,1.0,6,0.8117,0.3889,357,0.0,-85.7,56.44,1,1,1.15
5,v1.5,FedAvg,2026-09-11T11:00:00Z,SITE-A,ESP32-A01,WIFI,SUCCESS,OTA,2026-09-11T11:15:04Z,RECEIVED,480,1.0,6,0.8417,0.3239,357,0.0,-51.2,0.07,1,0,0.44
5,v1.5,FedAvg,2026-09-11T11:00:00Z,SITE-B,ESP32-B01,WIFI,SUCCESS,OTA,2026-09-11T11:08:04Z,RECEIVED,360,1.0,6,0.8417,0.3239,357,0.0,-54.0,0.9,1,0,0.39
5,v1.5,FedAvg,2026-09-11T11:00:00Z,SITE-C,ESP32-C01,LORA,SUCCESS,OTA,2026-09-11T11:06:54Z,RECEIVED,420,1.0,6,0.8417,0.3239,357,0.0,-115.5,4.12,4,0,290.91
5,v1.5,FedAvg,2026-09-11T11:00:00Z,SITE-D,ESP32-D01,LTE,SUCCESS,OTA,2026-09-11T11:08:05Z,RECEIVED,240,1.0,6,0.8417,0.3239,357,0.0,-85.3,0.71,1,0,1.93
5,v1.5,FedAvg,2026-09-11T11:00:00Z,SITE-E,ESP32-E01,LORA,SUCCESS,OTA,2026-09-11T11:27:10Z,RECEIVED,480,1.0,6,0.8417,0.3239,357,0.0,-121.3,23.04,7,5,786.17
5,v1.5,FedAvg,2026-09-11T11:00:00Z,SITE-F,ESP32-F01,WIFI,SUCCESS,OTA,2026-09-11T11:09:04Z,RECEIVED,420,1.0,6,0.8417,0.3239,357,0.0,-81.0,20.86,1,0,0.52
6,v1.6,FedAvg,2026-09-11T17:00:00Z,SITE-A,ESP32-A01,WIFI,SUCCESS,OTA,2026-09-11T17:05:04Z,RECEIVED,480,1.0,5,0.8,0.3268,357,0.0,-49.6,0.1,1,0,0.39
6,v1.6,FedAvg,2026-09-11T17:00:00Z,SITE-B,ESP32-B01,WIFI,SUCCESS,OTA,2026-09-11T17:05:04Z,FAILED,360,,5,0.8,0.3268,357,0.0,-52.2,1.11,1,0,0.39
6,v1.6,FedAvg,2026-09-11T17:00:00Z,SITE-C,ESP32-C01,LORA,SUCCESS,OTA,2026-09-11T17:20:54Z,RECEIVED,420,1.0,5,0.8,0.3268,357,0.0,-114.1,2.72,4,0,290.91
6,v1.6,FedAvg,2026-09-11T17:00:00Z,SITE-D,ESP32-D01,LTE,SUCCESS,OTA,2026-09-11T17:03:08Z,RECEIVED,240,1.0,5,0.8,0.3268,357,0.0,-104.7,47.93,1,2,4.11
6,v1.6,FedAvg,2026-09-11T17:00:00Z,SITE-E,ESP32-E01,LORA,SUCCESS,OTA,2026-09-11T17:06:54Z,RECEIVED,480,1.0,5,0.8,0.3268,357,0.0,-113.7,2.59,4,0,290.91
6,v1.6,FedAvg,2026-09-11T17:00:00Z,SITE-F,ESP32-F01,WIFI,SUCCESS,OTA,2026-09-11T17:19:05Z,RECEIVED,420,1.0,5,0.8,0.3268,357,0.0,-78.6,11.0,1,1,1.07
7,v1.7,FedAvg,2026-09-11T23:00:00Z,SITE-A,ESP32-A01,WIFI,SUCCESS,OTA,2026-09-11T23:13:04Z,RECEIVED,480,1.0,6,0.9117,0.2481,357,0.0,-49.1,0.81,1,0,0.41
7,v1.7,FedAvg,2026-09-11T23:00:00Z,SITE-B,ESP32-B01,WIFI,SUCCESS,OTA,2026-09-11T23:05:04Z,RECEIVED,360,1.0,6,0.9117,0.2481,357,0.0,-49.0,0.07,1,0,0.41
7,v1.7,FedAvg,2026-09-11T23:00:00Z,SITE-C,ESP32-C01,LORA,SUCCESS,OTA,2026-09-11T23:17:29Z,RECEIVED,420,1.0,6,0.9117,0.2481,357,0.0,-105.6,1.24,2,0,85.92
7,v1.7,FedAvg,2026-09-11T23:00:00Z,SITE-D,ESP32-D01,LTE,SUCCESS,OTA,2026-09-11T23:16:05Z,RECEIVED,240,1.0,6,0.9117,0.2481,357,0.0,-88.8,0.55,1,0,1.92
7,v1.7,FedAvg,2026-09-11T23:00:00Z,SITE-E,ESP32-E01,LORA,SUCCESS,OTA,2026-09-12T04:41:34Z,RECEIVED,480,1.0,6,0.9117,0.2481,357,19680.0,-116.3,5.51,4,3,510.59
7,v1.7,FedAvg,2026-09-11T23:00:00Z,SITE-F,ESP32-F01,WIFI,SUCCESS,OTA,2026-09-11T23:12:04Z,RECEIVED,420,1.0,6,0.9117,0.2481,357,0.0,-73.5,2.17,1,1,0.96
8,v1.8,FedAvg,2026-09-12T05:00:00Z,SITE-A,ESP32-A01,WIFI,SUCCESS,OTA,2026-09-12T05:17:04Z,RECEIVED,480,1.0,6,0.965,0.206,357,0.0,-54.3,0.15,1,0,0.39
8,v1.8,FedAvg,2026-09-12T05:00:00Z,SITE-B,ESP32-B01,WIFI,SUCCESS,OTA,2026-09-12T05:17:04Z,RECEIVED,360,1.0,6,0.965,0.206,357,0.0,-55.8,0.08,1,0,0.39
8,v1.8,FedAvg,2026-09-12T05:00:00Z,SITE-C,ESP32-C01,LORA,SUCCESS,OTA,2026-09-12T05:16:29Z,RECEIVED,420,1.0,6,0.965,0.206,357,0.0,-105.5,0.44,2,0,85.92
8,v1.8,FedAvg,2026-09-12T05:00:00Z,SITE-D,ESP32-D01,LTE,SUCCESS,OTA,2026-09-12T05:16:05Z,RECEIVED,240,1.0,6,0.965,0.206,357,0.0,-77.9,2.44,1,0,1.96
8,v1.8,FedAvg,2026-09-12T05:00:00Z,SITE-E,ESP32-E01,LORA,SUCCESS,OTA,2026-09-12T05:23:54Z,RECEIVED,480,1.0,6,0.965,0.206,357,0.0,-113.7,2.46,4,0,290.91
8,v1.8,FedAvg,2026-09-12T05:00:00Z,SITE-F,ESP32-F01,WIFI,SUCCESS,OTA,2026-09-12T05:02:04Z,RECEIVED,420,1.0,6,0.965,0.206,357,0.0,-76.5,7.03,1,0,0.45
9,v1.9,FedAvg,2026-09-12T11:00:00Z,SITE-A,ESP32-A01,WIFI,SUCCESS,OTA,2026-09-12T11:04:04Z,RECEIVED,480,1.0,6,0.9883,0.18,357,0.0,-51.8,0.53,1,0,0.4
9,v1.9,FedAvg,2026-09-12T11:00:00Z,SITE-B,ESP32-B01,WIFI,SUCCESS,OTA,2026-09-12T11:19:04Z,RECEIVED,360,1.0,6,0.9883,0.18,357,0.0,-54.6,0.93,1,0,0.39
9,v1.9,FedAvg,2026-09-12T11:00:00Z,SITE-C,ESP32-C01,LORA,SUCCESS,OTA,2026-09-12T11:14:34Z,RECEIVED,420,1.0,6,0.9883,0.18,357,0.0,-109.1,0.58,2,0,150.4
9,v1.9,FedAvg,2026-09-12T11:00:00Z,SITE-D,ESP32-D01,LTE,SUCCESS,OTA,2026-09-12T11:08:05Z,RECEIVED,240,1.0,6,0.9883,0.18,357,0.0,-87.0,0.48,1,0,1.94
9,v1.9,FedAvg,2026-09-12T11:00:00Z,SITE-E,ESP32-E01,LORA,SUCCESS,OTA,2026-09-12T11:26:52Z,RECEIVED,480,1.0,6,0.9883,0.18,357,0.0,-122.0,26.84,7,2,588.76
9,v1.9,FedAvg,2026-09-12T11:00:00Z,SITE-F,ESP32-F01,WIFI,SUCCESS,OTA,2026-09-12T11:08:04Z,RECEIVED,420,1.0,6,0.9883,0.18,357,0.0,-73.4,2.28,1,0,0.42
10,v1.10,FedAvg,2026-09-12T17:00:00Z,SITE-A,ESP32-A01,WIFI,SUCCESS,OTA,2026-09-12T17:06:04Z,RECEIVED,480,1.0,5,0.9767,0.1668,357,0.0,-53.5,0.05,1,0,0.39
10,v1.10,FedAvg,2026-09-12T17:00:00Z,SITE-B,ESP32-B01,WIFI,SUCCESS,OTA,2026-09-12T17:15:04Z,RECEIVED,360,1.0,5,0.9767,0.1668,357,0.0,-45.7,0.47,1,0,0.38
10,v1.10,FedAvg,2026-09-12T17:00:00Z,SITE-C,ESP32-C01,LORA,SUCCESS,OTA,2026-09-12T18:29:34Z,RECEIVED,420,1.0,5,0.9767,0.1668,357,4320.0,-111.2,1.4,2,0,150.4
10,v1.10,FedAvg,2026-09-12T17:00:00Z,SITE-D,ESP32-D01,LTE,SUCCESS,OTA,2026-09-12T17:13:06Z,RECEIVED,240,1.0,5,0.9767,0.1668,357,0.0,-95.0,3.88,1,0,2.04
10,v1.10,FedAvg,2026-09-12T17:00:00Z,SITE-E,ESP32-E01,LORA,SUCCESS,OTA,2026-09-12T17:10:54Z,RECEIVED,480,1.0,5,0.9767,0.1668,357,0.0,-113.1,2.51,4,0,290.91
10,v1.10,FedAvg,2026-09-12T17:00:00Z,SITE-F,ESP32-F01,WIFI,SUCCESS,OTA,2026-09-12T17:19:04Z,LATE,420,,5,0.9767,0.1668,357,420.0,-80.9,20.72,1,0,0.51
11,v1.11,FedAvg,2026-09-12T23:00:00Z,SITE-A,ESP32-A01,WIFI,SUCCESS,OTA,2026-09-12T23:19:04Z,RECEIVED,480,1.0,5,0.975,0.1547,357,0.0,-49.7,0.48,1,0,0.42
11,v1.11,FedAvg,2026-09-12T23:00:00Z,SITE-B,ESP32-B01,WIFI,SUCCESS,OTA,2026-09-12T23:19:04Z,RECEIVED,360,1.0,5,0.975,0.1547,357,0.0,-52.3,0.25,1,0,0.39
11,v1.11,FedAvg,2026-09-12T23:00:00Z,SITE-C,ESP32-C01,LORA,SUCCESS,OTA,2026-09-12T23:12:54Z,RECEIVED,420,1.0,5,0.975,0.1547,357,0.0,-113.8,2.55,4,0,290.91
11,v1.11,FedAvg,2026-09-12T23:00:00Z,SITE-D,ESP32-D01,LTE,SUCCESS,OTA,2026-09-12T23:12:05Z,RECEIVED,240,1.0,5,0.975,0.1547,357,0.0,-88.5,0.54,1,0,1.93
11,v1.11,FedAvg,2026-09-12T23:00:00Z,SITE-E,ESP32-E01,LORA,SUCCESS,OTA,2026-09-12T23:13:46Z,RECEIVED,480,1.0,5,0.975,0.1547,357,0.0,-120.1,16.61,7,1,522.95
11,v1.11,FedAvg,2026-09-12T23:00:00Z,SITE-F,ESP32-F01,WIFI,SUCCESS,OTA,2026-09-12T23:12:04Z,FAILED,420,,5,0.975,0.1547,357,0.0,-80.2,17.06,1,0,0.49
12,v1.12,FedAvg,2026-09-13T05:00:00Z,SITE-A,ESP32-A01,WIFI,SUCCESS,OTA,2026-09-13T05:10:04Z,RECEIVED,480,1.0,6,0.9933,0.136,357,0.0,-47.2,0.03,1,0,0.41
12,v1.12,FedAvg,2026-09-13T05:00:00Z,SITE-B,ESP32-B01,WIFI,SUCCESS,OTA,2026-09-13T05:19:04Z,RECEIVED,360,1.0,6,0.9933,0.136,357,0.0,-49.7,0.08,1,0,0.42
12,v1.12,FedAvg,2026-09-13T05:00:00Z,SITE-C,ESP32-C01,LORA,SUCCESS,OTA,2026-09-13T05:16:29Z,RECEIVED,420,1.0,6,0.9933,0.136,357,0.0,-103.1,0.27,2,0,85.92
12,v1.12,FedAvg,2026-09-13T05:00:00Z,SITE-D,ESP32-D01,LTE,SUCCESS,OTA,2026-09-13T05:09:05Z,RECEIVED,240,1.0,6,0.9933,0.136,357,0.0,-94.6,3.47,1,0,1.99
12,v1.12,FedAvg,2026-09-13T05:00:00Z,SITE-E,ESP32-E01,LORA,SUCCESS,OTA,2026-09-13T05:18:34Z,RECEIVED,480,1.0,6,0.9933,0.136,357,0.0,-112.3,1.53,2,0,150.4
12,v1.12,FedAvg,2026-09-13T05:00:00Z,SITE-F,ESP32-F01,WIFI,SUCCESS,OTA,2026-09-13T05:14:04Z,RECEIVED,420,1.0,6,0.9933,0.136,357,0.0,-82.6,31.54,1,0,0.54
13,v1.13,FedAvg,2026-09-13T11:00:00Z,SITE-A,ESP32-A01,WIFI,SUCCESS,OTA,2026-09-13T11:16:04Z,RECEIVED,480,1.0,6,0.9983,0.1226,357,0.0,-49.2,0.76,1,1,0.93
13,v1.13,FedAvg,2026-09-13T11:00:00Z,SITE-B,ESP32-B01,WIFI,SUCCESS,OTA,2026-09-13T11:18:04Z,RECEIVED,360,1.0,6,0.9983,0.1226,357,0.0,-58.7,0.15,1,0,0.39
13,v1.13,FedAvg,2026-09-13T11:00:00Z,SITE-C,ESP32-C01,LORA,SUCCESS,OTA,2026-09-13T11:05:34Z,RECEIVED,420,1.0,6,0.9983,0.1226,357,0.0,-112.6,1.84,2,0,150.4
13,v1.13,FedAvg,2026-09-13T11:00:00Z,SITE-D,ESP32-D01,LTE,SUCCESS,OTA,2026-09-13T11:03:05Z,RECEIVED,240,1.0,6,0.9983,0.1226,357,0.0,-85.1,1.12,1,0,1.99
13,v1.13,FedAvg,2026-09-13T11:00:00Z,SITE-E,ESP32-E01,LORA,FAILED,OTA,,RECEIVED,480,1.0,6,0.9983,0.1226,357,0.0,-126.9,66.01,7,3,262.72
13,v1.13,FedAvg,2026-09-13T11:00:00Z,SITE-F,ESP32-F01,WIFI,SUCCESS,OTA,2026-09-13T11:11:04Z,RECEIVED,420,1.0,6,0.9983,0.1226,357,0.0,-75.9,4.87,1,0,0.43
14,v1.14,FedAvg,2026-09-13T17:00:00Z,SITE-A,ESP32-A01,WIFI,SUCCESS,OTA,2026-09-13T17:05:04Z,RECEIVED,480,1.0,6,1.0,0.112,357,0.0,-51.3,0.12,1,0,0.4
14,v1.14,FedAvg,2026-09-13T17:00:00Z,SITE-B,ESP32-B01,WIFI,SUCCESS,OTA,2026-09-13T17:10:04Z,RECEIVED,360,1.0,6,1.0,0.112,357,0.0,-54.8,0.57,1,0,0.38
14,v1.14,FedAvg,2026-09-13T17:00:00Z,SITE-C,ESP32-C01,LORA,SUCCESS,OTA,2026-09-13T17:07:34Z,RECEIVED,420,1.0,6,1.0,0.112,357,0.0,-107.6,0.54,2,0,150.4
14,v1.14,FedAvg,2026-09-13T17:00:00Z,SITE-D,ESP32-D01,LTE,SUCCESS,OTA,2026-09-13T17:07:05Z,RECEIVED,240,1.0,6,1.0,0.112,357,0.0,-78.3,0.54,1,0,1.91
14,v1.14,FedAvg,2026-09-13T17:00:00Z,SITE-E,ESP32-E01,LORA,SUCCESS,OTA,2026-09-13T17:27:52Z,RECEIVED,480,1.0,6,1.0,0.112,357,0.0,-122.0,27.22,7,2,588.76
14,v1.14,FedAvg,2026-09-13T17:00:00Z,SITE-F,ESP32-F01,WIFI,SUCCESS,OTA,2026-09-13T17:14:04Z,RECEIVED,420,1.0,6,1.0,0.112,357,0.0,-74.8,3.31,1,0,0.42
15,v1.15,FedAvg,2026-09-13T23:00:00Z,SITE-A,ESP32-A01,WIFI,SUCCESS,OTA,2026-09-13T23:06:04Z,RECEIVED,480,1.0,5,1.0,0.0739,357,0.0,-56.6,0.29,1,0,0.39
15,v1.15,FedAvg,2026-09-13T23:00:00Z,SITE-B,ESP32-B01,WIFI,SUCCESS,OTA,2026-09-13T23:06:04Z,RECEIVED,360,1.0,5,1.0,0.0739,357,0.0,-49.0,0.23,1,0,0.39
15,v1.15,FedAvg,2026-09-13T23:00:00Z,SITE-C,ESP32-C01,LORA,SUCCESS,OTA,2026-09-13T23:10:29Z,RECEIVED,420,1.0,5,1.0,0.0739,357,0.0,-101.2,0.5,2,0,85.92
15,v1.15,FedAvg,2026-09-13T23:00:00Z,SITE-D,ESP32-D01,LTE,SUCCESS,OTA,2026-09-13T23:19:06Z,RECEIVED,240,1.0,5,1.0,0.0739,357,0.0,-102.9,33.27,1,1,2.75
15,v1.15,FedAvg,2026-09-13T23:00:00Z,SITE-E,ESP32-E01,LORA,SUCCESS,OTA,2026-09-13T23:19:58Z,FAILED,480,,5,1.0,0.0739,357,0.0,-123.9,40.73,7,3,654.56
15,v1.15,FedAvg,2026-09-13T23:00:00Z,SITE-F,ESP32-F01,WIFI,SUCCESS,OTA,2026-09-13T23:11:04Z,RECEIVED,420,1.0,5,1.0,0.0739,357,0.0,-83.1,35.05,1,0,0.57
16,v1.16,FedAvg,2026-09-14T05:00:00Z,SITE-A,ESP32-A01,WIFI,SUCCESS,OTA,2026-09-14T05:09:04Z,RECEIVED,480,1.0,6,1.0,0.0825,357,0.0,-49.2,0.46,1,0,0.4
16,v1.16,FedAvg,2026-09-14T05:00:00Z,SITE-B,ESP32-B01,WIFI,SUCCESS,OTA,2026-09-14T05:04:04Z,RECEIVED,360,1.0,6,1.0,0.0825,357,0.0,-49.2,0.72,1,0,0.41
16,v1.16,FedAvg,2026-09-14T05:00:00Z,SITE-C,ESP32-C01,LORA,SUCCESS,OTA,2026-09-14T05:16:34Z,RECEIVED,420,1.0,6,1.0,0.0825,357,0.0,-110.2,1.81,2,0,150.4
16,v1.16,FedAvg,2026-09-14T05:00:00Z,SITE-D,ESP32-D01,LTE,SUCCESS,OTA,2026-09-14T05:12:05Z,RECEIVED,240,1.0,6,1.0,0.0825,357,0.0,-84.2,0.49,1,0,1.95
16,v1.16,FedAvg,2026-09-14T05:00:00Z,SITE-E,ESP32-E01,LORA,SUCCESS,OTA,2026-09-14T05:20:54Z,RECEIVED,480,1.0,6,1.0,0.0825,357,0.0,-116.5,7.04,4,0,290.91
16,v1.16,FedAvg,2026-09-14T05:00:00Z,SITE-F,ESP32-F01,WIFI,SUCCESS,OTA,2026-09-14T05:16:05Z,RECEIVED,420,1.0,6,1.0,0.0825,357,0.0,-85.2,52.4,1,2,1.93
17,v1.17,FedAvg,2026-09-14T11:00:00Z,SITE-A,ESP32-A01,WIFI,SUCCESS,OTA,2026-09-14T11:09:04Z,RECEIVED,480,1.0,5,1.0,0.0871,357,0.0,-54.8,0.03,1,0,0.39
17,v1.17,FedAvg,2026-09-14T11:00:00Z,SITE-B,ESP32-B01,WIFI,SUCCESS,OTA,2026-09-14T11:16:04Z,RECEIVED,360,1.0,5,1.0,0.0871,357,0.0,-54.4,0.2,1,0,0.39
17,v1.17,FedAvg,2026-09-14T11:00:00Z,SITE-C,ESP32-C01,LORA,SUCCESS,OTA,2026-09-14T11:11:34Z,RECEIVED,420,1.0,5,1.0,0.0871,357,0.0,-109.1,2.01,2,0,150.4
17,v1.17,FedAvg,2026-09-14T11:00:00Z,SITE-D,ESP32-D01,LTE,SUCCESS,OTA,2026-09-14T11:06:05Z,RECEIVED,240,1.0,5,1.0,0.0871,357,0.0,-83.0,0.95,1,0,1.91
17,v1.17,FedAvg,2026-09-14T11:00:00Z,SITE-E,ESP32-E01,LORA,SUCCESS,OTA,2026-09-14T11:27:46Z,RECEIVED,480,1.0,5,1.0,0.0871,357,0.0,-121.1,22.61,7,1,522.95
17,v1.17,FedAvg,2026-09-14T11:00:00Z,SITE-F,ESP32-F01,WIFI,SUCCESS,OTA,2026-09-14T11:15:05Z,FAILED,420,,5,1.0,0.0871,357,480.0,-81.9,26.53,1,2,1.74
18,v1.18,FedAvg,2026-09-14T17:00:00Z,SITE-A,ESP32-A01,WIFI,SUCCESS,OTA,2026-09-14T17:05:04Z,RECEIVED,480,1.0,6,1.0,0.0836,357,0.0,-53.2,0.36,1,0,0.4
18,v1.18,FedAvg,2026-09-14T17:00:00Z,SITE-B,ESP32-B01,WIFI,SUCCESS,OTA,2026-09-14T17:16:04Z,RECEIVED,360,1.0,6,1.0,0.0836,357,0.0,-51.3,0.11,1,0,0.41
18,v1.18,FedAvg,2026-09-14T17:00:00Z,SITE-C,ESP32-C01,LORA,SUCCESS,OTA,2026-09-14T17:21:34Z,RECEIVED,420,1.0,6,1.0,0.0836,357,0.0,-109.8,2.7,2,0,150.4
18,v1.18,FedAvg,2026-09-14T17:00:00Z,SITE-D,ESP32-D01,LTE,SUCCESS,OTA,2026-09-14T17:19:06Z,RECEIVED,240,1.0,6,1.0,0.0836,357,0.0,-88.3,0.91,1,0,2.0
18,v1.18,FedAvg,2026-09-14T17:00:00Z,SITE-E,ESP32-E01,LORA,SUCCESS,OTA,2026-09-14T17:23:41Z,RECEIVED,480,1.0,6,1.0,0.0836,357,0.0,-121.4,24.61,7,0,457.14
18,v1.18,FedAvg,2026-09-14T17:00:00Z,SITE-F,ESP32-F01,WIFI,SUCCESS,OTA,2026-09-14T17:16:04Z,RECEIVED,420,1.0,6,1.0,0.0836,357,0.0,-78.2,9.6,1,0,0.45
19,v1.19,FedAvg,2026-09-14T23:00:00Z,SITE-A,ESP32-A01,WIFI,SUCCESS,OTA,2026-09-14T23:03:04Z,RECEIVED,480,1.0,6,1.0,0.0792,357,0.0,-54.4,0.53,1,0,0.39
19,v1.19,FedAvg,2026-09-14T23:00:00Z,SITE-B,ESP32-B01,WIFI,SUCCESS,OTA,2026-09-14T23:17:04Z,RECEIVED,360,1.0,6,1.0,0.0792,357,0.0,-46.6,0.9,1,0,0.39
19,v1.19,FedAvg,2026-09-14T23:00:00Z,SITE-C,ESP32-C01,LORA,SUCCESS,OTA,2026-09-14T23:08:29Z,RECEIVED,420,1.0,6,1.0,0.0792,357,0.0,-103.6,0.3,2,0,85.92
19,v1.19,FedAvg,2026-09-14T23:00:00Z,SITE-D,ESP32-D01,LTE,SUCCESS,OTA,2026-09-14T23:07:05Z,RECEIVED,240,1.0,6,1.0,0.0792,357,0.0,-85.0,0.67,1,0,1.93
19,v1.19,FedAvg,2026-09-14T23:00:00Z,SITE-E,ESP32-E01,LORA,SUCCESS,OTA,2026-09-14T23:15:21Z,RECEIVED,480,1.0,6,1.0,0.0792,357,0.0,-116.6,5.71,4,2,437.36
19,v1.19,FedAvg,2026-09-14T23:00:00Z,SITE-F,ESP32-F01,WIFI,SUCCESS,OTA,2026-09-14T23:13:04Z,RECEIVED,420,1.0,6,1.0,0.0792,357,0.0,-71.6,1.57,1,0,0.42
20,v1.20,FedAvg,2026-09-15T05:00:00Z,SITE-A,ESP32-A01,WIFI,SUCCESS,OTA,2026-09-15T05:15:04Z,RECEIVED,480,1.0,6,1.0,0.0748,357,0.0,-52.0,0.92,1,0,0.39
20,v1.20,FedAvg,2026-09-15T05:00:00Z,SITE-B,ESP32-B01,WIFI,SUCCESS,OTA,2026-09-15T05:03:04Z,RECEIVED,360,1.0,6,1.0,0.0748,357,0.0,-47.5,0.95,1,0,0.39
20,v1.20,FedAvg,2026-09-15T05:00:00Z,SITE-C,ESP32-C01,LORA,SUCCESS,OTA,2026-09-15T05:14:34Z,RECEIVED,420,1.0,6,1.0,0.0748,357,0.0,-109.6,0.69,2,0,150.4
20,v1.20,FedAvg,2026-09-15T05:00:00Z,SITE-D,ESP32-D01,LTE,SUCCESS,OTA,2026-09-15T05:13:05Z,RECEIVED,240,1.0,6,1.0,0.0748,357,0.0,-85.9,0.3,1,0,1.91
20,v1.20,FedAvg,2026-09-15T05:00:00Z,SITE-E,ESP32-E01,LORA,SUCCESS,OTA,2026-09-15T05:14:46Z,RECEIVED,480,1.0,6,1.0,0.0748,357,0.0,-118.9,12.2,7,1,522.95
20,v1.20,FedAvg,2026-09-15T05:00:00Z,SITE-F,ESP32-F01,WIFI,SUCCESS,OTA,2026-09-15T05:11:05Z,RECEIVED,420,1.0,6,1.0,0.0748,357,0.0,-76.5,5.92,1,1,1.02
