site_id,device_id,protocol,start_utc,end_utc,duration_min,cause
SITE-A,ESP32-A01,WIFI,2026-09-10T02:09:00Z,2026-09-10T02:47:00Z,38,ROUTER_REBOOT
SITE-A,ESP32-A01,WIFI,2026-09-10T21:18:00Z,2026-09-10T22:20:00Z,62,POWER_SAVE_FAULT
SITE-B,ESP32-B01,WIFI,2026-09-08T04:26:00Z,2026-09-08T06:18:00Z,112,ROUTER_REBOOT
SITE-B,ESP32-B01,WIFI,2026-09-11T06:10:00Z,2026-09-11T06:24:00Z,14,WIFI_DISCONNECT
SITE-C,ESP32-C01,LORA,2026-09-02T09:54:00Z,2026-09-02T10:08:00Z,14,RAIN_FADE
SITE-C,ESP32-C01,LORA,2026-09-05T02:30:00Z,2026-09-05T02:59:00Z,29,INTERFERENCE
SITE-C,ESP32-C01,LORA,2026-09-07T23:23:00Z,2026-09-07T23:33:00Z,10,GATEWAY_DOWN
SITE-C,ESP32-C01,LORA,2026-09-09T17:33:00Z,2026-09-09T18:11:00Z,38,RAIN_FADE
SITE-C,ESP32-C01,LORA,2026-09-12T15:59:00Z,2026-09-12T18:27:00Z,148,GATEWAY_DOWN
SITE-C,ESP32-C01,LORA,2026-09-15T05:31:00Z,2026-09-15T05:52:00Z,21,RAIN_FADE
SITE-D,ESP32-D01,LTE,2026-09-01T12:22:00Z,2026-09-01T12:47:00Z,25,MODEM_RESET
SITE-D,ESP32-D01,LTE,2026-09-01T23:52:00Z,2026-09-02T00:06:00Z,14,MODEM_RESET
SITE-D,ESP32-D01,LTE,2026-09-02T11:01:00Z,2026-09-02T15:53:00Z,292,MODEM_RESET
SITE-D,ESP32-D01,LTE,2026-09-03T13:43:00Z,2026-09-03T14:33:00Z,50,MODEM_RESET
SITE-D,ESP32-D01,LTE,2026-09-05T03:12:00Z,2026-09-05T03:42:00Z,30,NO_COVERAGE
SITE-D,ESP32-D01,LTE,2026-09-06T09:45:00Z,2026-09-06T10:25:00Z,40,NO_COVERAGE
SITE-D,ESP32-D01,LTE,2026-09-06T11:30:00Z,2026-09-06T13:36:00Z,126,MODEM_RESET
SITE-D,ESP32-D01,LTE,2026-09-08T00:35:00Z,2026-09-08T03:01:00Z,146,DATA_BUNDLE_EXHAUSTED
SITE-D,ESP32-D01,LTE,2026-09-08T15:04:00Z,2026-09-08T15:45:00Z,41,DATA_BUNDLE_EXHAUSTED
SITE-D,ESP32-D01,LTE,2026-09-09T05:33:00Z,2026-09-09T05:43:00Z,10,MODEM_RESET
SITE-D,ESP32-D01,LTE,2026-09-11T16:14:00Z,2026-09-11T16:24:00Z,10,NO_COVERAGE
SITE-E,ESP32-E01,LORA,2026-09-01T03:20:00Z,2026-09-01T04:15:00Z,55,RAIN_FADE
SITE-E,ESP32-E01,LORA,2026-09-01T05:26:00Z,2026-09-01T06:11:00Z,45,RAIN_FADE
SITE-E,ESP32-E01,LORA,2026-09-02T06:38:00Z,2026-09-02T10:16:00Z,218,RAIN_FADE
SITE-E,ESP32-E01,LORA,2026-09-02T11:51:00Z,2026-09-02T13:44:00Z,113,RAIN_FADE
SITE-E,ESP32-E01,LORA,2026-09-05T01:56:00Z,2026-09-05T02:06:00Z,10,GATEWAY_DOWN
SITE-E,ESP32-E01,LORA,2026-09-11T22:34:00Z,2026-09-12T04:33:00Z,359,GATEWAY_DOWN
SITE-E,ESP32-E01,LORA,2026-09-12T17:59:00Z,2026-09-12T19:51:00Z,112,INTERFERENCE
SITE-E,ESP32-E01,LORA,2026-09-13T17:31:00Z,2026-09-13T17:41:00Z,10,INTERFERENCE
SITE-E,ESP32-E01,LORA,2026-09-14T20:34:00Z,2026-09-14T21:12:00Z,38,RAIN_FADE
SITE-F,ESP32-F01,WIFI,2026-09-02T01:10:00Z,2026-09-02T02:01:00Z,51,ROUTER_REBOOT
SITE-F,ESP32-F01,WIFI,2026-09-02T03:42:00Z,2026-09-02T04:13:00Z,31,POWER_SAVE_FAULT
SITE-F,ESP32-F01,WIFI,2026-09-03T08:59:00Z,2026-09-03T10:50:00Z,111,POWER_SAVE_FAULT
SITE-F,ESP32-F01,WIFI,2026-09-05T19:56:00Z,2026-09-05T20:07:00Z,11,POWER_SAVE_FAULT
SITE-F,ESP32-F01,WIFI,2026-09-06T20:20:00Z,2026-09-06T20:51:00Z,31,WIFI_DISCONNECT
SITE-F,ESP32-F01,WIFI,2026-09-12T13:35:00Z,2026-09-12T14:04:00Z,29,ROUTER_REBOOT
SITE-F,ESP32-F01,WIFI,2026-09-12T14:57:00Z,2026-09-12T17:19:00Z,142,WIFI_DISCONNECT
SITE-F,ESP32-F01,WIFI,2026-09-12T20:59:00Z,2026-09-12T21:22:00Z,23,ROUTER_REBOOT
SITE-F,ESP32-F01,WIFI,2026-09-13T04:07:00Z,2026-09-13T04:18:00Z,11,WIFI_DISCONNECT
SITE-F,ESP32-F01,WIFI,2026-09-13T09:32:00Z,2026-09-13T10:01:00Z,29,ROUTER_REBOOT
SITE-F,ESP32-F01,WIFI,2026-09-14T10:53:00Z,2026-09-14T11:15:00Z,22,WIFI_DISCONNECT
