round_id,global_model_version,aggregation,clients_selected,clients_received,total_samples,global_val_loss,global_val_accuracy,mean_update_l2_norm,published_at_utc,model_size_int8_bytes,clients_late,clients_failed,compression_method,bytes_attempted,bytes_received,acc_NORMAL,acc_PARTIAL_SHADING,acc_DUST,acc_OPEN_CIRCUIT,acc_SHORT_CIRCUIT
0,v1.0,FedAvg,0,0,0,1.7485,0.24,0.0,2026-09-10T00:00:00+00:00,229,0,0,int8,0,0,0.0,0.3267,0.0517,0.16,0.6617
1,v1.1,FedAvg,6,6,3000,1.1565,0.6737,1.51081,2026-09-10T11:00:00+00:00,229,0,0,int8,1782,1782,0.8,0.4,0.6683,0.5,1.0
2,v1.2,FedAvg,6,5,2820,0.8899,0.7053,1.18523,2026-09-10T17:00:00+00:00,229,0,1,int8,1782,1485,0.8,0.395,0.7817,0.55,1.0
3,v1.3,FedAvg,6,6,3000,0.7234,0.7183,0.96139,2026-09-10T23:00:00+00:00,229,0,0,int8,1782,1782,0.8,0.4,0.7917,0.6,1.0
4,v1.4,FedAvg,6,6,3000,0.5963,0.7807,0.8173,2026-09-11T05:00:00+00:00,229,0,0,int8,1782,1782,0.9983,0.4,0.83,0.675,1.0
5,v1.5,FedAvg,6,6,3000,0.4975,0.8147,0.69137,2026-09-11T11:00:00+00:00,229,0,0,int8,1782,1782,1.0,0.4,0.8733,0.8,1.0
6,v1.6,FedAvg,6,5,2640,0.4329,0.823,0.59744,2026-09-11T17:00:00+00:00,229,0,1,int8,1782,1485,1.0,0.4533,0.8583,0.8033,1.0
7,v1.7,FedAvg,6,6,3000,0.3871,0.8643,0.51229,2026-09-11T23:00:00+00:00,229,0,0,int8,1782,1782,1.0,0.5217,0.9083,0.8917,1.0
8,v1.8,FedAvg,6,6,3000,0.3553,0.8787,0.46288,2026-09-12T05:00:00+00:00,229,0,0,int8,1782,1782,1.0,0.5717,0.9217,0.9,1.0
9,v1.9,FedAvg,6,6,3000,0.3294,0.8897,0.42711,2026-09-12T11:00:00+00:00,229,0,0,int8,1782,1782,1.0,0.6033,0.945,0.9,1.0
10,v1.10,FedAvg,6,5,2820,0.3169,0.8917,0.38902,2026-09-12T17:00:00+00:00,229,1,0,int8,1782,1485,1.0,0.6083,0.9517,0.8983,1.0
11,v1.11,FedAvg,6,5,2820,0.3029,0.892,0.36433,2026-09-12T23:00:00+00:00,229,0,1,int8,1782,1485,1.0,0.6133,0.9517,0.895,1.0
12,v1.12,FedAvg,6,6,3000,0.2812,0.899,0.35725,2026-09-13T05:00:00+00:00,229,0,0,int8,1782,1782,1.0,0.6433,0.9517,0.9,1.0
13,v1.13,FedAvg,6,6,3000,0.2673,0.902,0.33646,2026-09-13T11:00:00+00:00,229,0,0,int8,1782,1782,1.0,0.6567,0.9533,0.9,1.0
14,v1.14,FedAvg,6,6,3000,0.2565,0.907,0.32014,2026-09-13T17:00:00+00:00,229,0,0,int8,1782,1782,1.0,0.6817,0.9533,0.9,1.0
15,v1.15,FedAvg,6,5,2220,0.2522,0.9483,0.31723,2026-09-13T23:00:00+00:00,229,0,1,int8,1782,1485,1.0,0.89,0.9517,0.9,1.0
16,v1.16,FedAvg,6,6,3000,0.2405,0.9327,0.30445,2026-09-14T05:00:00+00:00,229,0,0,int8,1782,1782,1.0,0.8133,0.95,0.9,1.0
17,v1.17,FedAvg,6,5,2820,0.2392,0.926,0.27093,2026-09-14T11:00:00+00:00,229,0,1,int8,1782,1485,1.0,0.7783,0.9517,0.9,1.0
18,v1.18,FedAvg,6,6,3000,0.2273,0.9273,0.27688,2026-09-14T17:00:00+00:00,229,0,0,int8,1782,1782,1.0,0.785,0.9517,0.9,1.0
19,v1.19,FedAvg,6,6,3000,0.2197,0.9283,0.2643,2026-09-14T23:00:00+00:00,229,0,0,int8,1782,1782,1.0,0.7883,0.9533,0.9,1.0
20,v1.20,FedAvg,6,6,3000,0.2129,0.9317,0.25495,2026-09-15T05:00:00+00:00,229,0,0,int8,1782,1782,1.0,0.8033,0.955,0.9,1.0
