round_id,global_model_version,aggregation,clients_selected,clients_received,total_samples,global_val_loss,global_val_accuracy,published_at_utc,clients_late,clients_failed,late_used,compression_method,bytes_attempted,bytes_received,lora_transfer_s,selected_sites,acc_NORMAL,acc_PARTIAL_SHADING,acc_DUST,acc_OPEN_CIRCUIT,acc_SHORT_CIRCUIT
0,v1.0,RelAsync,0,0,0,1.6632,0.182,2026-09-10T00:00:00+00:00,0,0,0,protocol_aware,0,0,0.0,,0.0,0.11,0.0,0.5,0.3
1,v1.1,RelAsync,6,6,3000,1.0105,0.7023,2026-09-10T10:11:00.390000+00:00,0,0,0,protocol_aware,3698,3698,350.6,ABCDEF,0.8,0.205,0.595,0.9117,1.0
2,v1.2,RelAsync,6,5,2820,0.7136,0.7713,2026-09-10T17:00:00+00:00,0,1,0,protocol_aware,3698,2714,620.0,ABCDEF,1.0,0.3533,0.7033,0.8,1.0
3,v1.3,RelAsync,6,6,3000,0.5466,0.8263,2026-09-10T22:24:02.190000+00:00,0,0,0,protocol_aware,3698,3698,417.4,ABCDEF,1.0,0.4,0.7317,1.0,1.0
4,v1.4,RelAsync,6,6,3000,0.4475,0.844,2026-09-11T04:17:25.903513600+00:00,0,0,0,protocol_aware,3698,3698,419.7,ABCDEF,1.0,0.5,0.805,0.915,1.0
5,v1.5,RelAsync,6,6,3000,0.3888,0.853,2026-09-11T10:32:38.151628799+00:00,0,0,0,protocol_aware,3698,3698,618.7,ABCDEF,1.0,0.5,0.8633,0.9017,1.0
6,v1.6,RelAsync,6,5,2640,0.3383,0.8713,2026-09-11T17:00:00+00:00,0,1,0,protocol_aware,3698,2714,617.7,ABCDEF,1.0,0.5033,0.8533,1.0,1.0
7,v1.7,RelAsync,6,6,3000,0.29,0.9157,2026-09-11T22:26:00.420000+00:00,0,0,0,protocol_aware,3698,3698,350.6,ABCDEF,1.0,0.6983,0.88,1.0,1.0
8,v1.8,RelAsync,5,5,2220,0.2728,0.955,2026-09-12T04:37:00.400000+00:00,0,0,0,protocol_aware,3546,3546,150.4,ABCDF,1.0,0.9,0.875,1.0,1.0
9,v1.9,RelAsync,6,6,3000,0.2419,0.9153,2026-09-12T09:48:01.910000+00:00,0,0,0,protocol_aware,3843,3843,236.3,ABCDEF,1.0,0.6833,0.8933,1.0,1.0
10,v1.10,RelAsync,6,5,2820,0.2316,0.9293,2026-09-12T17:00:00+00:00,1,0,0,protocol_aware,3698,2714,350.6,ABCDEF,1.0,0.75,0.8967,1.0,1.0
11,v1.11,RelAsync,4,3,1860,0.2225,0.958,2026-09-12T23:00:00+00:00,0,1,1,protocol_aware,3249,2265,0.0,ABDF,1.0,0.9,0.89,1.0,1.0
12,v1.12,RelAsync,6,6,3000,0.2105,0.9513,2026-09-13T04:18:00.530000+00:00,0,0,0,protocol_aware,3843,3843,441.2,ABCDEF,1.0,0.8633,0.8933,1.0,1.0
13,v1.13,RelAsync,6,6,3000,0.2005,0.952,2026-09-13T10:36:01.920000+00:00,0,0,0,protocol_aware,3698,3698,484.2,ABCDEF,1.0,0.865,0.895,1.0,1.0
14,v1.14,RelAsync,6,6,3000,0.1944,0.943,2026-09-13T16:41:00.400000+00:00,0,0,0,protocol_aware,3843,3843,304.1,ABCDEF,1.0,0.815,0.9,1.0,1.0
15,v1.15,RelAsync,6,5,2220,0.1818,0.9593,2026-09-13T23:00:00+00:00,0,1,0,protocol_aware,3698,3546,486.5,ABCDEF,1.0,0.9,0.8967,1.0,1.0
16,v1.16,RelAsync,6,6,3000,0.1804,0.959,2026-09-14T04:10:00.380000+00:00,0,0,0,protocol_aware,3698,3698,417.4,ABCDEF,1.0,0.8983,0.8967,1.0,1.0
17,v1.17,RelAsync,6,5,2820,0.1796,0.9477,2026-09-14T11:00:00+00:00,0,1,0,protocol_aware,3843,2859,368.5,ABCDEF,1.0,0.8367,0.9017,1.0,1.0
18,v1.18,RelAsync,6,6,3000,0.1703,0.9573,2026-09-14T16:03:27.045273600+00:00,0,0,0,protocol_aware,3698,3698,417.4,ABCDEF,1.0,0.885,0.9017,1.0,1.0
19,v1.19,RelAsync,6,6,3000,0.1657,0.9597,2026-09-14T21:53:00.390000+00:00,0,0,0,protocol_aware,3698,3698,486.5,ABCDEF,1.0,0.8967,0.9017,1.0,1.0
20,v1.20,RelAsync,6,6,3000,0.1626,0.9573,2026-09-15T03:41:00.390000+00:00,0,0,0,protocol_aware,3843,3843,304.1,ABCDEF,1.0,0.885,0.9017,1.0,1.0
