round_id,global_model_version,aggregation,clients_selected,clients_received,total_samples,global_val_loss,global_val_accuracy,published_at_utc,clients_late,clients_failed,compression_method,bytes_attempted,bytes_received,lora_transfer_s,methods,acc_NORMAL,acc_PARTIAL_SHADING,acc_DUST,acc_OPEN_CIRCUIT,acc_SHORT_CIRCUIT
0,v1.0,FedAvg,0,0,0,1.6632,0.182,2026-09-10T00:00:00+00:00,0,0,protocol-aware,0,0,0.0,,0.0,0.11,0.0,0.5,0.3
1,v1.1,FedAvg,6,6,3000,1.0105,0.7023,2026-09-10T11:00:00+00:00,0,0,protocol-aware,3698,3698,350.6,"A:float32,B:float32,C:int8,D:int8,E:topk42_int8,F:float32",0.8,0.205,0.595,0.9117,1.0
2,v1.2,FedAvg,6,5,2820,0.7136,0.7713,2026-09-10T17:00:00+00:00,0,1,protocol-aware,3698,2714,620.0,"A:float32,B:float32,C:int8,D:int8,E:topk42_int8,F:float32",1.0,0.3533,0.7033,0.8,1.0
3,v1.3,FedAvg,6,6,3000,0.5457,0.828,2026-09-10T23:00:00+00:00,0,0,protocol-aware,3698,3698,417.4,"A:float32,B:float32,C:int8,D:int8,E:topk42_int8,F:float32",1.0,0.4,0.74,1.0,1.0
4,v1.4,FedAvg,6,6,3000,0.447,0.841,2026-09-11T05:00:00+00:00,0,0,protocol-aware,3698,3698,419.7,"A:float32,B:float32,C:int8,D:int8,E:topk42_int8,F:float32",1.0,0.5,0.8033,0.9017,1.0
5,v1.5,FedAvg,6,6,3000,0.3887,0.8527,2026-09-11T11:00:00+00:00,0,0,protocol-aware,3698,3698,618.7,"A:float32,B:float32,C:int8,D:int8,E:topk42_int8,F:float32",1.0,0.5,0.8633,0.9,1.0
6,v1.6,FedAvg,6,5,2640,0.3377,0.8713,2026-09-11T17:00:00+00:00,0,1,protocol-aware,3698,2714,617.7,"A:float32,B:float32,C:int8,D:int8,E:topk42_int8,F:float32",1.0,0.5033,0.8567,0.9967,1.0
7,v1.7,FedAvg,6,6,3000,0.289,0.918,2026-09-11T23:00:00+00:00,0,0,protocol-aware,3698,3698,350.6,"A:float32,B:float32,C:int8,D:int8,E:topk42_int8,F:float32",1.0,0.7083,0.8817,1.0,1.0
8,v1.8,FedAvg,6,6,3000,0.2566,0.9037,2026-09-12T05:00:00+00:00,0,0,protocol-aware,3843,3843,368.5,"A:float32,B:float32,C:int8,D:int8,E:int8,F:float32",1.0,0.62,0.8983,1.0,1.0
9,v1.9,FedAvg,6,6,3000,0.2405,0.9213,2026-09-12T11:00:00+00:00,0,0,protocol-aware,3843,3843,236.3,"A:float32,B:float32,C:int8,D:int8,E:int8,F:float32",1.0,0.705,0.9017,1.0,1.0
10,v1.10,FedAvg,6,5,2820,0.2297,0.9357,2026-09-12T17:00:00+00:00,1,0,protocol-aware,3698,2714,350.6,"A:float32,B:float32,C:int8,D:int8,E:topk42_int8,F:float32",1.0,0.7783,0.9,1.0,1.0
11,v1.11,FedAvg,6,5,2820,0.2211,0.9403,2026-09-12T23:00:00+00:00,0,1,protocol-aware,3698,2714,417.4,"A:float32,B:float32,C:int8,D:int8,E:topk42_int8,F:float32",1.0,0.8033,0.8983,1.0,1.0
12,v1.12,FedAvg,6,6,3000,0.2117,0.9217,2026-09-13T05:00:00+00:00,0,0,protocol-aware,3843,3843,441.2,"A:float32,B:float32,C:int8,D:int8,E:int8,F:float32",1.0,0.7067,0.9017,1.0,1.0
13,v1.13,FedAvg,6,6,3000,0.1992,0.9433,2026-09-13T11:00:00+00:00,0,0,protocol-aware,3698,3698,484.2,"A:float32,B:float32,C:int8,D:int8,E:topk42_int8,F:float32",1.0,0.815,0.9017,1.0,1.0
14,v1.14,FedAvg,6,6,3000,0.1927,0.9413,2026-09-13T17:00:00+00:00,0,0,protocol-aware,3843,3843,304.1,"A:float32,B:float32,C:int8,D:int8,E:int8,F:float32",1.0,0.8033,0.9033,1.0,1.0
15,v1.15,FedAvg,6,5,2220,0.1795,0.9603,2026-09-13T23:00:00+00:00,0,1,protocol-aware,3698,3546,486.5,"A:float32,B:float32,C:int8,D:int8,E:topk42_int8,F:float32",1.0,0.9,0.9017,1.0,1.0
16,v1.16,FedAvg,6,6,3000,0.1771,0.9603,2026-09-14T05:00:00+00:00,0,0,protocol-aware,3698,3698,417.4,"A:float32,B:float32,C:int8,D:int8,E:topk42_int8,F:float32",1.0,0.9,0.9017,1.0,1.0
17,v1.17,FedAvg,6,5,2820,0.178,0.9507,2026-09-14T11:00:00+00:00,0,1,protocol-aware,3843,2859,368.5,"A:float32,B:float32,C:int8,D:int8,E:int8,F:float32",1.0,0.8517,0.9017,1.0,1.0
18,v1.18,FedAvg,6,6,3000,0.169,0.959,2026-09-14T17:00:00+00:00,0,0,protocol-aware,3698,3698,417.4,"A:float32,B:float32,C:int8,D:int8,E:topk42_int8,F:float32",1.0,0.8933,0.9017,1.0,1.0
19,v1.19,FedAvg,6,6,3000,0.1643,0.9603,2026-09-14T23:00:00+00:00,0,0,protocol-aware,3698,3698,486.5,"A:float32,B:float32,C:int8,D:int8,E:topk42_int8,F:float32",1.0,0.8983,0.9033,1.0,1.0
20,v1.20,FedAvg,6,6,3000,0.162,0.9587,2026-09-15T05:00:00+00:00,0,0,protocol-aware,3843,3843,304.1,"A:float32,B:float32,C:int8,D:int8,E:int8,F:float32",1.0,0.8883,0.905,1.0,1.0
