round_id,site_id,reliability,expected_upload_s,age,participation,selected
1,SITE-A,0.8315,2.0,0,1,1
1,SITE-B,0.8298,2.0,0,1,1
1,SITE-C,0.8339,150.4,0,1,1
1,SITE-D,0.8295,2.0,0,1,1
1,SITE-E,0.6642,200.3,0,1,1
1,SITE-F,0.699,2.0,0,1,1
2,SITE-A,0.8783,2.0,0,2,1
2,SITE-B,0.8784,2.0,0,2,1
2,SITE-C,0.8821,85.9,0,2,1
2,SITE-D,0.8734,2.0,0,2,1
2,SITE-E,0.8105,200.3,0,2,1
2,SITE-F,0.855,2.0,0,2,1
3,SITE-A,0.912,2.0,0,3,1
3,SITE-B,0.91,2.0,0,3,1
3,SITE-C,0.913,150.4,0,3,1
3,SITE-D,0.8233,2.0,0,3,1
3,SITE-E,0.892,200.3,0,3,1
3,SITE-F,0.7418,2.0,0,3,1
4,SITE-A,0.9337,2.0,0,4,1
4,SITE-B,0.9349,2.0,0,4,1
4,SITE-C,0.9292,85.9,0,4,1
4,SITE-D,0.9261,2.0,0,4,1
4,SITE-E,0.8909,200.3,0,4,1
4,SITE-F,0.6983,2.0,0,4,1
5,SITE-A,0.9502,2.0,0,5,1
5,SITE-B,0.9517,2.0,0,5,1
5,SITE-C,0.9517,218.2,0,5,1
5,SITE-D,0.951,2.0,0,5,1
5,SITE-E,0.8961,200.3,0,5,1
5,SITE-F,0.7599,2.0,0,5,1
6,SITE-A,0.9628,2.0,0,6,1
6,SITE-B,0.9623,2.0,0,6,1
6,SITE-C,0.9608,150.4,0,6,1
6,SITE-D,0.9613,2.0,0,6,1
6,SITE-E,0.9154,200.3,0,6,1
6,SITE-F,0.9041,2.0,0,6,1
7,SITE-A,0.9653,2.0,0,7,1
7,SITE-B,0.8156,2.0,0,7,1
7,SITE-C,0.9644,150.4,0,7,1
7,SITE-D,0.9505,2.0,0,7,1
7,SITE-E,0.9483,200.3,0,7,1
7,SITE-F,0.8686,2.0,0,7,1
8,SITE-A,0.9725,2.0,0,8,1
8,SITE-B,0.8674,2.0,0,8,1
8,SITE-C,0.9719,150.4,0,8,1
8,SITE-D,0.9715,2.0,0,8,1
8,SITE-E,0.4876,16598.2,1,7,0
8,SITE-F,0.9461,2.0,0,8,1
9,SITE-A,0.977,2.0,0,9,1
9,SITE-B,0.9036,2.0,0,9,1
9,SITE-C,0.9767,85.9,0,9,1
9,SITE-D,0.9767,2.0,0,9,1
9,SITE-E,0.9721,150.4,0,8,1
9,SITE-F,0.9565,2.0,0,9,1
10,SITE-A,0.9806,2.0,0,10,1
10,SITE-B,0.9293,2.0,0,10,1
10,SITE-C,0.98,150.4,0,10,1
10,SITE-D,0.9805,2.0,0,10,1
10,SITE-E,0.945,200.3,0,9,1
10,SITE-F,0.9663,2.0,0,10,1
11,SITE-A,0.9789,2.0,0,11,1
11,SITE-B,0.9452,2.0,0,11,1
11,SITE-C,0.4958,1770.4,1,10,0
11,SITE-D,0.9762,2.0,0,11,1
11,SITE-E,0.4939,6860.3,1,9,0
11,SITE-F,0.8064,2.0,0,11,1
12,SITE-A,0.9792,2.0,0,12,1
12,SITE-B,0.953,2.0,0,12,1
12,SITE-C,0.9678,150.4,0,11,1
12,SITE-D,0.9797,2.0,0,12,1
12,SITE-E,0.9408,218.2,0,10,1
12,SITE-F,0.6892,2.0,0,12,1
13,SITE-A,0.9844,2.0,0,13,1
13,SITE-B,0.9627,2.0,0,13,1
13,SITE-C,0.9809,150.4,0,12,1
13,SITE-D,0.9714,2.0,0,13,1
13,SITE-E,0.961,200.3,0,11,1
13,SITE-F,0.69,2.0,0,13,1
14,SITE-A,0.984,2.0,0,14,1
14,SITE-B,0.97,2.0,0,14,1
14,SITE-C,0.9802,85.9,0,13,1
14,SITE-D,0.9873,2.0,0,14,1
14,SITE-E,0.9569,218.2,0,12,1
14,SITE-F,0.8421,2.0,0,14,1
15,SITE-A,0.9858,2.0,0,15,1
15,SITE-B,0.977,2.0,0,15,1
15,SITE-C,0.9862,85.9,0,14,1
15,SITE-D,0.9808,2.0,0,15,1
15,SITE-E,0.84,200.3,0,13,1
15,SITE-F,0.8741,2.0,0,15,1
16,SITE-A,0.9856,2.0,0,16,1
16,SITE-B,0.9823,2.0,0,16,1
16,SITE-C,0.9884,150.4,0,15,1
16,SITE-D,0.9501,2.0,0,16,1
16,SITE-E,0.7333,200.3,0,14,1
16,SITE-F,0.8179,2.0,0,16,1
17,SITE-A,0.9873,2.0,0,17,1
17,SITE-B,0.9843,2.0,0,17,1
17,SITE-C,0.9902,150.4,0,16,1
17,SITE-D,0.9911,2.0,0,17,1
17,SITE-E,0.8703,218.2,0,15,1
17,SITE-F,0.8685,2.0,0,17,1
18,SITE-A,0.9817,2.0,0,18,1
18,SITE-B,0.9802,2.0,0,18,1
18,SITE-C,0.9866,150.4,0,17,1
18,SITE-D,0.9613,2.0,0,18,1
18,SITE-E,0.8272,200.3,0,16,1
18,SITE-F,0.6584,2.0,0,18,1
19,SITE-A,0.9885,2.0,0,19,1
19,SITE-B,0.9866,2.0,0,19,1
19,SITE-C,0.9828,85.9,0,18,1
19,SITE-D,0.9856,2.0,0,19,1
19,SITE-E,0.8886,200.3,0,17,1
19,SITE-F,0.7726,2.0,0,19,1
20,SITE-A,0.9895,2.0,0,20,1
20,SITE-B,0.9887,2.0,0,20,1
20,SITE-C,0.9909,85.9,0,19,1
20,SITE-D,0.9884,2.0,0,20,1
20,SITE-E,0.9394,218.2,0,18,1
20,SITE-F,0.8841,2.0,0,20,1
